"scenario","year","ravtaz","pop","hh","hhsize","empd","empi","empe","emp","school","yeshiva","college","ind","htl","bsn","pub","edu","agr"
"base",2015,1,7593.8890,3367.1919,35.2459,0.0000,0.0000,0.0000,31029.5024,1742.0000,68.0000,2909.0000,0.0000,0.0000,0.0000,0.0000,0.0000,0.0000
"base",2015,10,20734.9212,4964.5135,33.4942,0.0000,0.0000,0.0000,9402.9974,13816.0000,5345.0000,0.0000,0.0000,0.0000,0.0000,0.0000,0.0000,0.0000
"base",2015,100,6192.4913,1181.8924,26.0000,275.3857,200.0000,181.7857,657.1715,2726.7862,0.0000,0.0000,0.0000,0.0000,0.0000,0.0000,0.0000,0.0000
"base",2015,11,1904.3488,1100.3571,3.46133,0.0000,0.0000,0.0000,7809.5341,0.0000,0.0000,20186.0000,0.0000,0.0000,0.0000,0.0000,0.0000,0.0000
"base",2015,12,16965.5200,3572.4000,19.0127,0.0000,0.0000,0.0000,1438.9678,4446.0000,0.0000,0.0000,0.0000,0.0000,0.0000,0.0000,0.0000,0.0000
"base",2015,13,27609.2881,6638.5650,25.4535,0.0000,0.0000,0.0000,3793.1500,7805.0000,0.0000,0.0000,0.0000,0.0000,0.0000,0.0000,0.0000,0.0000
"base",2015,14,8684.7242,2112.2251,19.3928,0.0000,0.0000,0.0000,5125.3000,2875.0000,64.0000,0.0000,0.0000,0.0000,0.0000,0.0000,0.0000,0.0000
"base",2015,15,6518.7562,2525.7053,11.8778,0.0000,0.0000,0.0000,3985.6831,1134.0000,23.0000,0.0000,0.0000,0.0000,0.0000,0.0000,0.0000,0.0000
"base",2015,2,33394.2921,7014.2379,60.8174,0.0000,0.0000,0.0000,10527.9772,21273.0000,14861.0000,0.0000,0.0000,0.0000,0.0000,0.0000,0.0000,0.0000
"base",2015,21,0.0000,0.0000,0.0000,0.0000,0.0000,0.0000,0.0000,22.0000,0.0000,0.0000,0.0000,0.0000,0.0000,0.0000,0.0000,0.0000
"base",2015,22,18814.8118,3743.3709,15.0943,0.0000,0.0000,0.0000,1400.6300,4075.0000,0.0000,0.0000,0.0000,0.0000,0.0000,0.0000,0.0000,0.0000
"base",2015,23,21149.7560,4443.3315,14.2797,0.0000,0.0000,0.0000,1464.8300,4410.0000,0.0000,0.0000,0.0000,0.0000,0.0000,0.0000,0.0000,0.0000
"base",2015,24,29169.2784,5433.2813,16.1070,0.0000,0.0000,0.0000,1364.2500,2881.0000,0.0000,0.0000,0.0000,0.0000,0.0000,0.0000,0.0000,0.0000
"base",2015,25,24788.3494,4872.9452,20.1775,0.0000,0.0000,0.0000,1758.0100,5834.0000,0.0000,0.0000,0.0000,0.0000,0.0000,0.0000,0.0000,0.0000
"base",2015,26,21035.5661,4571.5247,17.9505,0.0000,0.0000,0.0000,1989.1300,8289.0000,0.0000,0.0000,0.0000,0.0000,0.0000,0.0000,0.0000,0.0000
"base",2015,3,2425.4000,515.0797,40.0587,0.0000,0.0000,0.0000,12649.1709,5748.0000,0.0000,0.0000,0.0000,0.0000,0.0000,0.0000,0.0000,0.0000
"base",2015,31,1065.0000,286.0246,10.7854,0.0000,0.0000,0.0000,15581.8643,485.0000,34.0000,0.0000,0.0000,0.0000,0.0000,0.0000,0.0000,0.0000
"base",2015,32,16054.8530,5752.4869,31.0106,0.0000,0.0000,0.0000,3071.5800,1968.0000,320.0000,0.0000,0.0000,0.0000,0.0000,0.0000,0.0000,0.0000
"base",2015,33,14994.2535,5183.7236,17.1550,0.0000,0.0000,0.0000,1884.0801,1937.5000,47.0000,129.0000,0.0000,0.0000,0.0000,0.0000,0.0000,0.0000
"base",2015,34,22475.8294,6012.0000,14.9505,0.0000,0.0000,0.0000,1179.6429,3805.0000,0.0000,0.0000,0.0000,0.0000,0.0000,0.0000,0.0000,0.0000
"base",2015,35,15721.2355,4743.3779,16.8604,0.0000,0.0000,0.0000,1632.7986,2366.0000,121.0000,0.0000,0.0000,0.0000,0.0000,0.0000,0.0000,0.0000
"base",2015,36,16392.2683,4892.1309,23.8137,0.0000,0.0000,0.0000,1648.4099,1602.0000,82.0000,0.0000,0.0000,0.0000,0.0000,0.0000,0.0000,0.0000
"base",2015,37,13617.3680,3332.8251,33.1460,0.0000,0.0000,0.0000,1272.2300,3159.0000,74.0000,0.0000,0.0000,0.0000,0.0000,0.0000,0.0000,0.0000
"base",2015,38,17761.0350,6108.6487,27.0210,0.0000,0.0000,0.0000,2743.5190,3975.0000,434.0000,0.0000,0.0000,0.0000,0.0000,0.0000,0.0000,0.0000
"base",2015,39,15714.7998,6902.7494,21.1350,0.0000,0.0000,0.0000,3294.3834,3007.0000,44.0000,0.0000,0.0000,0.0000,0.0000,0.0000,0.0000,0.0000
"base",2015,4,36322.7400,7135.2420,19.2721,0.0000,0.0000,0.0000,10925.0317,6831.0000,1482.0000,0.0000,0.0000,0.0000,0.0000,0.0000,0.0000,0.0000
"base",2015,40,14842.7805,5409.6634,30.4442,0.0000,0.0000,0.0000,5836.9793,4875.0000,368.0000,1129.0000,0.0000,0.0000,0.0000,0.0000,0.0000,0.0000
"base",2015,41,16860.4567,4270.1741,28.1083,0.0000,0.0000,0.0000,4964.7572,10037.0000,4242.0000,0.0000,0.0000,0.0000,0.0000,0.0000,0.0000,0.0000
"base",2015,42,7578.1949,2016.7594,7.47449,0.0000,0.0000,0.0000,6481.9744,3367.0000,1083.0000,5185.0000,0.0000,0.0000,0.0000,0.0000,0.0000,0.0000
"base",2015,43,5921.5994,2267.7026,5.18639,0.0000,0.0000,0.0000,741.1435,892.0000,20.0000,0.0000,0.0000,0.0000,0.0000,0.0000,0.0000,0.0000
"base",2015,44,0.0000,0.0000,0.0000,0.0000,0.0000,0.0000,7667.5927,0.0000,0.0000,1200.0000,0.0000,0.0000,0.0000,0.0000,0.0000,0.0000
"base",2015,45,13437.8717,4087.6596,23.8125,0.0000,0.0000,0.0000,1385.8480,1720.0000,375.0000,0.0000,0.0000,0.0000,0.0000,0.0000,0.0000,0.0000
"base",2015,46,25451.9970,8742.3588,22.9329,0.0000,0.0000,0.0000,3536.8822,2935.0000,498.0000,0.0000,0.0000,0.0000,0.0000,0.0000,0.0000,0.0000
"base",2015,47,15847.1232,4854.3743,16.9851,0.0000,0.0000,0.0000,1656.0443,2805.0000,124.0000,0.0000,0.0000,0.0000,0.0000,0.0000,0.0000,0.0000
"base",2015,48,3458.0000,1323.0000,12.8532,0.0000,0.0000,0.0000,7602.5047,103.0000,0.0000,3528.0000,0.0000,0.0000,0.0000,0.0000,0.0000,0.0000
"base",2015,49,0.0000,0.0000,0.0000,0.0000,0.0000,0.0000,143.5619,1238.0000,0.0000,0.0000,0.0000,0.0000,0.0000,0.0000,0.0000,0.0000
"base",2015,5,2242.4511,1014.4642,18.7572,0.0000,0.0000,0.0000,7355.1586,41.0000,266.0000,0.0000,0.0000,0.0000,0.0000,0.0000,0.0000,0.0000
"base",2015,50,17230.4698,6795.2806,18.2110,0.0000,0.0000,0.0000,3503.8594,3318.0000,179.0000,3165.0000,0.0000,0.0000,0.0000,0.0000,0.0000,0.0000
"base",2015,51,0.0000,0.0000,0.0000,0.0000,0.0000,0.0000,13274.5056,0.0000,0.0000,0.0000,0.0000,0.0000,0.0000,0.0000,0.0000,0.0000
"base",2015,52,24741.2938,5124.8281,41.3689,0.0000,0.0000,0.0000,4257.4073,9059.0000,2205.0000,0.0000,0.0000,0.0000,0.0000,0.0000,0.0000,0.0000
"base",2015,53,38300.6184,6664.7951,76.3210,0.0000,0.0000,0.0000,10740.8428,19475.0000,9572.0000,0.0000,0.0000,0.0000,0.0000,0.0000,0.0000,0.0000
"base",2015,54,19303.6221,4765.1146,25.2696,0.0000,0.0000,0.0000,3196.4736,7759.0000,2147.0000,0.0000,0.0000,0.0000,0.0000,0.0000,0.0000,0.0000
"base",2015,55,0.0000,0.0000,0.0000,0.0000,0.0000,0.0000,16715.2832,1697.0000,1039.0000,0.0000,0.0000,0.0000,0.0000,0.0000,0.0000,0.0000
"base",2015,56,16319.5224,3429.3050,18.5968,0.0000,0.0000,0.0000,2517.8801,5624.0000,2649.0000,0.0000,0.0000,0.0000,0.0000,0.0000,0.0000,0.0000
"base",2015,57,2380.3784,670.8750,7.11172,0.0000,0.0000,0.0000,407.7984,87.0000,0.0000,0.0000,0.0000,0.0000,0.0000,0.0000,0.0000,0.0000
"base",2015,58,18631.6656,4009.0084,37.3512,0.0000,0.0000,0.0000,2518.3302,3865.0000,388.0000,0.0000,0.0000,0.0000,0.0000,0.0000,0.0000,0.0000
"base",2015,59,27274.7656,4848.7488,34.4018,0.0000,0.0000,0.0000,3058.3275,12032.5000,3082.0000,0.0000,0.0000,0.0000,0.0000,0.0000,0.0000,0.0000
"base",2015,6,10271.2660,5408.0684,21.3992,0.0000,0.0000,0.0000,8003.1964,3084.0000,177.0000,104.0000,0.0000,0.0000,0.0000,0.0000,0.0000,0.0000
"base",2015,60,16945.0682,2456.7303,26.9151,0.0000,0.0000,0.0000,1030.0373,6541.0000,1358.0000,0.0000,0.0000,0.0000,0.0000,0.0000,0.0000,0.0000
"base",2015,61,14826.1037,3650.5504,25.2374,0.0000,0.0000,0.0000,2359.0825,5021.0000,190.0000,0.0000,0.0000,0.0000,0.0000,0.0000,0.0000,0.0000
"base",2015,62,6349.8075,944.5742,13.5547,0.0000,0.0000,0.0000,386.8157,1617.0000,458.0000,0.0000,0.0000,0.0000,0.0000,0.0000,0.0000,0.0000
"base",2015,63,20346.3724,5988.5761,30.6491,0.0000,0.0000,0.0000,1216.3787,2652.0000,0.0000,0.0000,0.0000,0.0000,0.0000,0.0000,0.0000,0.0000
"base",2015,64,24306.0105,6692.2843,37.1912,0.0000,0.0000,0.0000,2216.3017,2832.0000,20.0000,0.0000,0.0000,0.0000,0.0000,0.0000,0.0000,0.0000
"base",2015,65,44717.1549,9360.3824,14.7392,0.0000,0.0000,0.0000,1606.0700,3772.0000,0.0000,0.0000,0.0000,0.0000,0.0000,0.0000,0.0000,0.0000
"base",2015,66,31023.4609,7549.5616,41.2000,0.0000,0.0000,0.0000,2583.0565,14146.0000,0.0000,0.0000,0.0000,0.0000,0.0000,0.0000,0.0000,0.0000
"base",2015,67,26898.0082,6734.2321,36.0000,0.0000,0.0000,0.0000,1661.7100,13237.0000,0.0000,3000.0000,0.0000,0.0000,0.0000,0.0000,0.0000,0.0000
"base",2015,68,1102.0000,290.0000,7.54054,0.0000,0.0000,0.0000,7391.5600,644.0000,0.0000,0.0000,0.0000,0.0000,0.0000,0.0000,0.0000,0.0000
"base",2015,69,45634.1101,9820.9969,9.29317,0.0000,0.0000,0.0000,1605.0000,10224.0000,0.0000,0.0000,0.0000,0.0000,0.0000,0.0000,0.0000,0.0000
"base",2015,7,1154.4290,519.6154,2.2217,0.0000,0.0000,0.0000,14074.0470,2236.0000,24.0000,5838.0000,0.0000,0.0000,0.0000,0.0000,0.0000,0.0000
"base",2015,70,0.0000,0.0000,0.0000,0.0000,0.0000,0.0000,0.0000,0.0000,0.0000,0.0000,0.0000,0.0000,0.0000,0.0000,0.0000,0.0000
"base",2015,71,39732.8517,10332.6491,69.4617,132.1742,0.0000,37.8972,7788.5731,11005.9582,311.0000,0.0000,0.0000,0.0000,0.0000,0.0000,0.0000,0.0000
"base",2015,72,46227.3510,0.0000,0.0000,0.0000,0.0000,0.0000,0.0000,0.0000,0.0000,0.0000,0.0000,0.0000,0.0000,0.0000,0.0000,0.0000
"base",2015,73,214083.2790,0.0000,0.0000,0.0000,0.0000,0.0000,0.0000,0.0000,0.0000,0.0000,0.0000,0.0000,0.0000,0.0000,0.0000,0.0000
"base",2015,74,28335.5899,5942.6954,37.0793,1188.5391,800.0000,760.6978,2749.2369,11410.4669,86.0180,1762.0000,0.0000,0.0000,0.0000,0.0000,0.0000,0.0000
"base",2015,75,50211.4001,8441.5237,65.9513,1688.3047,0.0000,1753.5117,3441.8164,26302.6757,4288.6734,0.0000,0.0000,0.0000,0.0000,0.0000,0.0000,0.0000
"base",2015,76,43316.7593,10988.7359,50.0593,197.7436,0.0000,83.2400,5727.8349,9525.9000,422.0000,0.0000,0.0000,0.0000,0.0000,0.0000,0.0000,0.0000
"base",2015,77,30146.1745,9517.8898,53.9809,0.0000,0.0000,0.0000,2178.7275,5097.0000,106.0000,0.0000,0.0000,0.0000,0.0000,0.0000,0.0000,0.0000
"base",2015,78,16387.3435,3817.9070,26.9220,848.1510,0.0000,352.2936,1200.4447,5284.4044,0.0000,0.0000,0.0000,0.0000,0.0000,0.0000,0.0000,0.0000
"base",2015,79,43530.1476,8387.2504,66.0538,1939.7542,1050.0000,1257.7923,4247.5465,18866.8842,488.7325,0.0000,0.0000,0.0000,0.0000,0.0000,0.0000,0.0000
"base",2015,8,2063.1074,787.7771,9.12741,0.0000,0.0000,0.0000,5691.2933,301.0000,0.0000,0.0000,0.0000,0.0000,0.0000,0.0000,0.0000,0.0000
"base",2015,80,223833.6065,610.7692,5.1,152.6923,0.0000,102.3593,370.2906,1535.3888,287.1431,0.0000,0.0000,0.0000,0.0000,0.0000,0.0000,0.0000
"base",2015,82,8422.5478,1545.0530,16.1000,369.1424,0.0000,210.1031,579.2456,3151.5471,601.2547,0.0000,0.0000,0.0000,0.0000,0.0000,0.0000,0.0000
"base",2015,83,394481.8376,0.0000,0.0000,0.0000,0.0000,0.0000,0.0000,0.0000,0.0000,0.0000,0.0000,0.0000,0.0000,0.0000,0.0000,0.0000
"base",2015,84,10595.0000,2792.0000,11.3552,0.0000,0.0000,0.0000,712.4600,824.0000,0.0000,0.0000,0.0000,0.0000,0.0000,0.0000,0.0000,0.0000
"base",2015,85,1324.0000,20469.0000,7.20278,0.0000,0.0000,0.0000,135.9800,107.0000,37.0000,0.0000,0.0000,0.0000,0.0000,0.0000,0.0000,0.0000
"base",2015,86,19098.2976,4683.8595,28.1914,120.2149,200.0000,84.7752,2522.3101,6023.6285,17.0000,0.0000,0.0000,0.0000,0.0000,0.0000,0.0000,0.0000
"base",2015,87,88487.1627,23969.7249,59.8146,0.0000,0.0000,0.0000,9836.3250,26736.5000,144.0000,0.0000,0.0000,0.0000,0.0000,0.0000,0.0000,0.0000
"base",2015,88,73431.9838,11229.8428,52.9500,2818.2940,250.0000,2566.0274,5984.3214,38490.4107,5422.1484,0.0000,0.0000,0.0000,0.0000,0.0000,0.0000,0.0000
"base",2015,89,10760.6933,1986.0705,16.3000,442.9180,0.0000,325.3088,768.2268,4879.6322,0.0000,0.0000,0.0000,0.0000,0.0000,0.0000,0.0000,0.0000
"base",2015,9,9187.8133,4538.5906,21.8965,0.0000,0.0000,0.0000,5231.2030,1016.0000,1456.0000,360.0000,0.0000,0.0000,0.0000,0.0000,0.0000,0.0000
"base",2015,90,186713.9373,237.6348,4.2,79.2116,0.0000,19.9780,99.1896,299.6699,0.0000,0.0000,0.0000,0.0000,0.0000,0.0000,0.0000,0.0000
"base",2015,91,84944.8022,19295.7909,77.5000,4093.8188,9800.0000,1898.1249,15791.9436,28471.8731,292.0188,15000.0000,0.0000,0.0000,0.0000,0.0000,0.0000,0.0000
"base",2015,92,399209.6083,0.0000,0.0000,0.0000,0.0000,0.0000,0.0000,0.0000,0.0000,0.0000,0.0000,0.0000,0.0000,0.0000,0.0000,0.0000
"base",2015,93,6230.0101,958.4631,6.5,191.6926,0.0000,191.8570,383.5496,2877.8547,0.0000,0.0000,0.0000,0.0000,0.0000,0.0000,0.0000,0.0000
"base",2015,94,357332.5064,0.0000,0.0000,0.0000,0.0000,0.0000,0.0000,0.0000,0.0000,0.0000,0.0000,0.0000,0.0000,0.0000,0.0000,0.0000
"base",2015,95,2742.0000,706.4286,7.5,55.8095,1000.0000,67.6333,1123.4429,1014.5000,0.0000,0.0000,0.0000,0.0000,0.0000,0.0000,0.0000,0.0000
"base",2015,96,362593.9108,0.0000,0.0000,0.0000,0.0000,0.0000,0.0000,0.0000,0.0000,0.0000,0.0000,0.0000,0.0000,0.0000,0.0000,0.0000
"base",2015,97,4319.1094,1050.3140,12.8000,350.1047,0.0000,101.2763,451.3810,1519.1444,0.0000,0.0000,0.0000,0.0000,0.0000,0.0000,0.0000,0.0000
"base",2015,98,51353.1009,0.0000,0.0000,0.0000,0.0000,0.0000,0.0000,0.0000,0.0000,0.0000,0.0000,0.0000,0.0000,0.0000,0.0000,0.0000
"base",2015,99,278550.9459,0.0000,0.0000,0.0000,0.0000,0.0000,0.0000,0.0000,0.0000,0.0000,0.0000,0.0000,0.0000,0.0000,0.0000,0.0000
"base",2020,1,9381.6614,3991.7419,35.5457,0.0000,0.0000,0.0000,33261.2565,1762.5149,68.0000,3054.4500,0.0000,0.0000,0.0000,0.0000,0.0000,0.0000
"base",2020,10,24628.0895,5747.6968,34.7744,0.0000,0.0000,0.0000,10448.4517,14680.2328,7071.0227,0.0000,0.0000,0.0000,0.0000,0.0000,0.0000,0.0000
"base",2020,100,7190.7202,1383.0774,26.0000,318.9346,250.0000,187.8363,756.7709,2817.5447,0.0000,0.0000,0.0000,0.0000,0.0000,0.0000,0.0000,0.0000
"base",2020,11,1878.2313,1100.3571,3.41386,0.0000,0.0000,0.0000,7894.8822,0.0000,0.0000,20965.9100,0.0000,0.0000,0.0000,0.0000,0.0000,0.0000
"base",2020,12,17618.0400,3709.8000,19.0127,0.0000,0.0000,0.0000,1561.0952,4645.2782,0.0000,0.0000,0.0000,0.0000,0.0000,0.0000,0.0000,0.0000
"base",2020,13,28725.3934,6938.2707,25.3061,0.0000,0.0000,0.0000,4078.0696,8368.2273,0.0000,0.0000,0.0000,0.0000,0.0000,0.0000,0.0000,0.0000
"base",2020,14,9815.6290,2392.9972,19.3928,0.0000,0.0000,0.0000,5431.3354,3490.3996,64.0000,0.0000,0.0000,0.0000,0.0000,0.0000,0.0000,0.0000
"base",2020,15,6982.7066,2678.7053,11.9917,0.0000,0.0000,0.0000,4088.2097,1262.7326,23.0000,0.0000,0.0000,0.0000,0.0000,0.0000,0.0000,0.0000
"base",2020,2,36119.9727,7342.8379,62.5823,0.0000,0.0000,0.0000,10917.2713,22221.5499,17320.4409,0.0000,0.0000,0.0000,0.0000,0.0000,0.0000,0.0000
"base",2020,21,0.0000,0.0000,0.0000,0.0000,0.0000,0.0000,0.0000,0.0000,0.0000,0.0000,0.0000,0.0000,0.0000,0.0000,0.0000,0.0000
"base",2020,22,20480.1701,4068.1390,15.0943,0.0000,0.0000,0.0000,1717.3618,4771.1910,0.0000,0.0000,0.0000,0.0000,0.0000,0.0000,0.0000,0.0000
"base",2020,23,22026.7557,4627.5795,14.2797,0.0000,0.0000,0.0000,1739.1202,4800.3072,0.0000,0.0000,0.0000,0.0000,0.0000,0.0000,0.0000,0.0000
"base",2020,24,30605.9994,5700.8992,16.1070,0.0000,0.0000,0.0000,1774.5461,3837.0300,0.0000,0.0000,0.0000,0.0000,0.0000,0.0000,0.0000,0.0000
"base",2020,25,25985.4891,5402.9662,19.3952,0.0000,0.0000,0.0000,2125.4826,7707.5250,0.0000,0.0000,0.0000,0.0000,0.0000,0.0000,0.0000,0.0000
"base",2020,26,22535.4156,4896.4526,17.9505,0.0000,0.0000,0.0000,2376.9430,11751.1605,0.0000,0.0000,0.0000,0.0000,0.0000,0.0000,0.0000,0.0000
"base",2020,3,2503.9800,572.4039,41.0192,0.0000,0.0000,0.0000,12836.8015,5748.0000,0.0000,0.0000,0.0000,0.0000,0.0000,0.0000,0.0000,0.0000
"base",2020,31,1119.9523,320.8246,10.5034,0.0000,0.0000,0.0000,16499.1377,453.9333,34.0000,0.0000,0.0000,0.0000,0.0000,0.0000,0.0000,0.0000
"base",2020,32,18981.1529,6889.3036,30.3357,0.0000,0.0000,0.0000,3522.6012,3430.1229,320.0000,0.0000,0.0000,0.0000,0.0000,0.0000,0.0000,0.0000
"base",2020,33,15205.4515,5363.7236,16.7819,0.0000,0.0000,0.0000,1964.7911,2378.3004,47.0000,148.3500,0.0000,0.0000,0.0000,0.0000,0.0000,0.0000
"base",2020,34,26913.9704,7062.0000,19.0135,0.0000,0.0000,0.0000,2038.5591,5508.9571,0.0000,0.0000,0.0000,0.0000,0.0000,0.0000,0.0000,0.0000
"base",2020,35,15579.5361,4794.3529,16.5818,0.0000,0.0000,0.0000,1727.8718,2950.1841,121.0000,0.0000,0.0000,0.0000,0.0000,0.0000,0.0000,0.0000
"base",2020,36,18912.0587,5757.1309,23.6496,0.0000,0.0000,0.0000,2012.3692,3285.2068,82.0000,0.0000,0.0000,0.0000,0.0000,0.0000,0.0000,0.0000
"base",2020,37,14313.0345,3588.0674,32.5538,0.0000,0.0000,0.0000,1442.1529,4500.1449,74.0000,0.0000,0.0000,0.0000,0.0000,0.0000,0.0000,0.0000
"base",2020,38,18692.5100,6484.5320,26.7819,0.0000,0.0000,0.0000,2848.6704,4688.7218,434.0000,0.0000,0.0000,0.0000,0.0000,0.0000,0.0000,0.0000
"base",2020,39,15784.3018,7106.9827,20.7446,0.0000,0.0000,0.0000,3400.0283,3736.5065,44.0000,0.0000,0.0000,0.0000,0.0000,0.0000,0.0000,0.0000
"base",2020,4,36721.1200,7216.9368,19.1329,0.0000,0.0000,0.0000,11380.4904,7226.7504,1482.0000,0.0000,0.0000,0.0000,0.0000,0.0000,0.0000,0.0000
"base",2020,40,16380.9791,6080.4634,29.4745,0.0000,0.0000,0.0000,6050.8330,4923.1109,368.0000,1213.6750,0.0000,0.0000,0.0000,0.0000,0.0000,0.0000
"base",2020,41,20670.8231,5182.4741,28.1444,0.0000,0.0000,0.0000,5816.4780,10534.7593,5711.5660,0.0000,0.0000,0.0000,0.0000,0.0000,0.0000,0.0000
"base",2020,42,9152.4327,2425.7594,7.51475,0.0000,0.0000,0.0000,6966.5173,4261.5725,1083.0000,5592.2600,0.0000,0.0000,0.0000,0.0000,0.0000,0.0000
"base",2020,43,5856.7909,2267.7026,5.13179,0.0000,0.0000,0.0000,919.6795,1146.6800,20.0000,0.0000,0.0000,0.0000,0.0000,0.0000,0.0000,0.0000
"base",2020,44,0.0000,0.0000,0.0000,0.0000,0.0000,0.0000,7946.9479,0.0000,0.0000,1295.0000,0.0000,0.0000,0.0000,0.0000,0.0000,0.0000
"base",2020,45,14511.7967,4549.4430,23.2638,0.0000,0.0000,0.0000,1540.1726,1953.6249,375.0000,0.0000,0.0000,0.0000,0.0000,0.0000,0.0000,0.0000
"base",2020,46,26753.2317,9002.9588,23.2709,0.0000,0.0000,0.0000,3746.0083,3800.1113,498.0000,0.0000,0.0000,0.0000,0.0000,0.0000,0.0000,0.0000
"base",2020,47,17599.8930,5352.5743,22.5797,0.0000,0.0000,0.0000,1920.8787,3380.4335,124.0000,0.0000,0.0000,0.0000,0.0000,0.0000,0.0000,0.0000
"base",2020,48,4252.1000,1338.0000,12.7000,0.0000,0.0000,0.0000,8152.9316,170.4102,0.0000,3774.9600,0.0000,0.0000,0.0000,0.0000,0.0000,0.0000
"base",2020,49,0.0000,0.0000,0.0000,0.0000,0.0000,0.0000,145.7898,1238.0000,0.0000,0.0000,0.0000,0.0000,0.0000,0.0000,0.0000,0.0000
"base",2020,5,2654.2920,1172.1142,18.5347,0.0000,0.0000,0.0000,7471.9854,41.0000,266.0000,0.0000,0.0000,0.0000,0.0000,0.0000,0.0000,0.0000
"base",2020,50,17274.9095,6974.6806,17.6903,0.0000,0.0000,0.0000,3654.0375,3771.6492,179.0000,3401.7500,0.0000,0.0000,0.0000,0.0000,0.0000,0.0000
"base",2020,51,0.0000,0.0000,0.0000,0.0000,0.0000,0.0000,14633.3060,0.0000,0.0000,0.0000,0.0000,0.0000,0.0000,0.0000,0.0000,0.0000
"base",2020,52,27029.6243,5447.1531,42.6238,0.0000,0.0000,0.0000,4547.9642,9710.0697,3857.4646,0.0000,0.0000,0.0000,0.0000,0.0000,0.0000,0.0000
"base",2020,53,42858.2504,8068.2867,72.0248,0.0000,0.0000,0.0000,12473.0559,20451.5169,12797.0351,0.0000,0.0000,0.0000,0.0000,0.0000,0.0000,0.0000
"base",2020,54,20910.5415,5035.2146,25.7617,0.0000,0.0000,0.0000,3374.1064,8308.1486,3257.3886,0.0000,0.0000,0.0000,0.0000,0.0000,0.0000,0.0000
"base",2020,55,0.0000,0.0000,0.0000,0.0000,0.0000,0.0000,16898.8677,1697.0000,1039.0000,0.0000,0.0000,0.0000,0.0000,0.0000,0.0000,0.0000
"base",2020,56,16038.9393,3523.0550,17.8543,0.0000,0.0000,0.0000,2610.7692,6073.1516,3890.8026,0.0000,0.0000,0.0000,0.0000,0.0000,0.0000,0.0000
"base",2020,57,2290.4423,680.8750,6.68198,0.0000,0.0000,0.0000,466.5233,198.8138,0.0000,0.0000,0.0000,0.0000,0.0000,0.0000,0.0000,0.0000
"base",2020,58,19370.7889,4021.0084,38.3896,0.0000,0.0000,0.0000,2634.9131,4745.4287,774.4140,0.0000,0.0000,0.0000,0.0000,0.0000,0.0000,0.0000
"base",2020,59,30414.0049,5735.2488,37.6328,0.0000,0.0000,0.0000,3675.5060,12701.8354,4616.5701,0.0000,0.0000,0.0000,0.0000,0.0000,0.0000,0.0000
"base",2020,6,10356.2318,5588.7684,20.6876,0.0000,0.0000,0.0000,8122.1945,3168.5687,177.0000,135.2000,0.0000,0.0000,0.0000,0.0000,0.0000,0.0000
"base",2020,60,22156.1261,3230.7303,26.9859,0.0000,0.0000,0.0000,2331.2227,6541.0000,1979.9394,0.0000,0.0000,0.0000,0.0000,0.0000,0.0000,0.0000
"base",2020,61,17492.5707,4061.4921,25.7760,0.0000,0.0000,0.0000,2620.5612,5525.6092,190.0000,0.0000,0.0000,0.0000,0.0000,0.0000,0.0000,0.0000
"base",2020,62,6419.7398,957.3742,13.4010,0.0000,0.0000,0.0000,449.2022,1889.9981,1013.7399,0.0000,0.0000,0.0000,0.0000,0.0000,0.0000,0.0000
"base",2020,63,21004.4126,6394.9761,29.0573,0.0000,0.0000,0.0000,1359.6692,3146.1106,0.0000,0.0000,0.0000,0.0000,0.0000,0.0000,0.0000,0.0000
"base",2020,64,24589.5817,6886.4843,36.1835,0.0000,0.0000,0.0000,2478.6315,3712.7358,20.0000,0.0000,0.0000,0.0000,0.0000,0.0000,0.0000,0.0000
"base",2020,65,52036.4879,9360.3824,17.6261,0.0000,0.0000,0.0000,1990.0484,4651.6203,0.0000,0.0000,0.0000,0.0000,0.0000,0.0000,0.0000,0.0000
"base",2020,66,34132.5822,8311.8256,41.1545,0.0000,0.0000,0.0000,2957.0887,14874.9363,0.0000,0.0000,0.0000,0.0000,0.0000,0.0000,0.0000,0.0000
"base",2020,67,29389.4171,7347.3543,36.0000,0.0000,0.0000,0.0000,2078.7196,13444.0340,0.0000,3150.0000,0.0000,0.0000,0.0000,0.0000,0.0000,0.0000
"base",2020,68,1093.3789,290.0000,7.54054,0.0000,0.0000,0.0000,8063.6156,644.0000,0.0000,0.0000,0.0000,0.0000,0.0000,0.0000,0.0000,0.0000
"base",2020,69,51692.2082,10256.6636,10.0818,0.0000,0.0000,0.0000,1879.7869,10544.9213,0.0000,0.0000,0.0000,0.0000,0.0000,0.0000,0.0000,0.0000
"base",2020,7,1550.4008,667.6154,2.3223,0.0000,0.0000,0.0000,15462.2810,2283.8934,24.0000,6255.2000,0.0000,0.0000,0.0000,0.0000,0.0000,0.0000
"base",2020,70,0.0000,0.0000,0.0000,0.0000,0.0000,0.0000,0.0000,0.0000,0.0000,0.0000,0.0000,0.0000,0.0000,0.0000,0.0000,0.0000
"base",2020,71,42652.0648,10919.4780,69.6323,141.7838,0.0000,34.0517,9099.9623,11683.0094,311.0000,0.0000,0.0000,0.0000,0.0000,0.0000,0.0000,0.0000
"base",2020,72,45112.2507,0.0000,0.0000,0.0000,0.0000,0.0000,0.0000,0.0000,0.0000,0.0000,0.0000,0.0000,0.0000,0.0000,0.0000,0.0000
"base",2020,73,238768.4103,0.0000,0.0000,0.0000,0.0000,0.0000,0.0000,0.0000,0.0000,0.0000,0.0000,0.0000,0.0000,0.0000,0.0000,0.0000
"base",2020,74,33298.8657,7117.4606,38.0793,1423.4921,940.0000,793.1815,3156.6736,11897.7218,172.2543,1894.1500,0.0000,0.0000,0.0000,0.0000,0.0000,0.0000
"base",2020,75,55600.2719,9251.5237,72.3236,1850.3047,0.0000,1837.1341,3687.4388,27557.0111,5169.0539,0.0000,0.0000,0.0000,0.0000,0.0000,0.0000,0.0000
"base",2020,76,50076.9206,12536.2603,54.2394,215.0485,0.0000,73.5654,6955.1687,10333.5390,686.3623,0.0000,0.0000,0.0000,0.0000,0.0000,0.0000,0.0000
"base",2020,77,31026.0678,9775.8898,54.2957,0.0000,0.0000,0.0000,2819.0427,6451.4221,106.0000,0.0000,0.0000,0.0000,0.0000,0.0000,0.0000,0.0000
"base",2020,78,17218.7317,4078.5698,27.0549,906.3168,0.0000,368.2155,1274.5322,5523.2318,0.0000,0.0000,0.0000,0.0000,0.0000,0.0000,0.0000,0.0000
"base",2020,79,49272.4378,9360.1967,66.1000,2154.1478,1225.0000,1311.9948,4691.1426,19679.9225,663.4767,0.0000,0.0000,0.0000,0.0000,0.0000,0.0000,0.0000
"base",2020,8,2240.7319,807.7771,9.46792,0.0000,0.0000,0.0000,6247.4280,301.0000,10.5203,0.0000,0.0000,0.0000,0.0000,0.0000,0.0000,0.0000
"base",2020,80,228514.6648,810.7692,5.3,202.6923,0.0000,139.6841,680.4038,2095.2617,409.1433,0.0000,0.0000,0.0000,0.0000,0.0000,0.0000,0.0000
"base",2020,82,8930.4740,1637.6225,16.1000,390.6513,0.0000,221.6709,612.3222,3325.0628,642.8027,0.0000,0.0000,0.0000,0.0000,0.0000,0.0000,0.0000
"base",2020,83,440949.8006,0.0000,0.0000,0.0000,0.0000,0.0000,0.0000,0.0000,0.0000,0.0000,0.0000,0.0000,0.0000,0.0000,0.0000,0.0000
"base",2020,84,11912.1000,3077.0000,11.4184,0.0000,0.0000,0.0000,924.0563,968.8336,0.0000,0.0000,0.0000,0.0000,0.0000,0.0000,0.0000,0.0000
"base",2020,85,126448.7000,24715.0000,160.8000,0.0000,0.0000,0.0000,18494.3626,45200.8838,5227.6361,0.0000,0.0000,0.0000,0.0000,0.0000,0.0000,0.0000
"base",2020,86,20134.2845,4990.0569,27.8667,140.0142,250.0000,79.4730,7275.4872,6331.3509,17.0000,0.0000,0.0000,0.0000,0.0000,0.0000,0.0000,0.0000
"base",2020,87,91058.5551,24665.7249,63.8598,0.0000,0.0000,0.0000,10307.7217,27074.2549,144.0000,0.0000,0.0000,0.0000,0.0000,0.0000,0.0000,0.0000
"base",2020,88,78016.5173,11942.8399,53.3846,2996.5433,250.0000,2562.5169,6159.0603,38437.7542,6479.0882,0.0000,0.0000,0.0000,0.0000,0.0000,0.0000,0.0000
"base",2020,89,13532.4834,2508.1113,16.3000,555.7839,0.0000,352.9236,908.7075,5293.8540,0.0000,0.0000,0.0000,0.0000,0.0000,0.0000,0.0000,0.0000
"base",2020,9,9033.1244,4732.2323,20.6280,0.0000,0.0000,0.0000,6646.0743,1012.7585,1503.1847,387.0000,0.0000,0.0000,0.0000,0.0000,0.0000,0.0000
"base",2020,90,200201.9257,258.6701,4.2,86.2234,0.0000,21.7283,107.9516,325.9243,0.0000,0.0000,0.0000,0.0000,0.0000,0.0000,0.0000,0.0000
"base",2020,91,94145.7047,21226.7388,77.5000,4512.7949,10452.5000,1923.8344,16889.1293,28857.5164,438.1855,15750.0000,0.0000,0.0000,0.0000,0.0000,0.0000,0.0000
"base",2020,92,436452.2189,0.0000,0.0000,0.0000,0.0000,0.0000,0.0000,0.0000,0.0000,0.0000,0.0000,0.0000,0.0000,0.0000,0.0000,0.0000
"base",2020,93,7075.0814,1088.4741,6.5,217.6948,0.0000,199.4938,417.1886,2992.4074,0.0000,0.0000,0.0000,0.0000,0.0000,0.0000,0.0000,0.0000
"base",2020,94,391546.4748,0.0000,0.0000,0.0000,0.0000,0.0000,0.0000,0.0000,0.0000,0.0000,0.0000,0.0000,0.0000,0.0000,0.0000,0.0000
"base",2020,95,3616.5010,927.7754,7.5,63.0670,1100.0000,84.4431,1247.5101,1266.6464,0.0000,0.0000,0.0000,0.0000,0.0000,0.0000,0.0000,0.0000
"base",2020,96,400718.7491,0.0000,0.0000,0.0000,0.0000,0.0000,0.0000,0.0000,0.0000,0.0000,0.0000,0.0000,0.0000,0.0000,0.0000,0.0000
"base",2020,97,5753.1483,1394.6961,12.8000,464.8987,0.0000,138.2226,603.1213,2073.3388,0.0000,0.0000,0.0000,0.0000,0.0000,0.0000,0.0000,0.0000
"base",2020,98,54331.4700,0.0000,0.0000,0.0000,0.0000,0.0000,0.0000,0.0000,0.0000,0.0000,0.0000,0.0000,0.0000,0.0000,0.0000,0.0000
"base",2020,99,313008.7863,0.0000,0.0000,0.0000,0.0000,0.0000,0.0000,0.0000,0.0000,0.0000,0.0000,0.0000,0.0000,0.0000,0.0000,0.0000
"base",2025,1,12103.0006,5083.8919,36.6466,0.0000,0.0000,0.0000,35183.4821,2475.2015,68.0000,3207.1725,0.0000,0.0000,0.0000,0.0000,0.0000,0.0000
"base",2025,10,28782.7800,6612.4801,35.0107,0.0000,0.0000,0.0000,10911.9779,15629.5335,7253.3100,0.0000,0.0000,0.0000,0.0000,0.0000,0.0000,0.0000
"base",2025,100,9267.4356,1789.2900,26.0000,410.9229,312.5000,208.4874,931.9103,3127.3105,0.0000,0.0000,0.0000,0.0000,0.0000,0.0000,0.0000,0.0000
"base",2025,11,2061.2013,1100.3571,3.77857,0.0000,0.0000,0.0000,7999.7454,0.0000,0.0000,21778.6218,0.0000,0.0000,0.0000,0.0000,0.0000,0.0000
"base",2025,12,20160.9878,4167.2000,19.2563,0.0000,0.0000,0.0000,1679.9276,5121.2404,0.0000,0.0000,0.0000,0.0000,0.0000,0.0000,0.0000,0.0000
"base",2025,13,30281.7204,7304.9763,25.3166,0.0000,0.0000,0.0000,4367.9440,8937.7372,0.0000,0.0000,0.0000,0.0000,0.0000,0.0000,0.0000,0.0000
"base",2025,14,10631.8899,2599.2693,19.3928,0.0000,0.0000,0.0000,5668.4526,3811.6538,64.0000,0.0000,0.0000,0.0000,0.0000,0.0000,0.0000,0.0000
"base",2025,15,7194.5019,2726.1053,14.7904,0.0000,0.0000,0.0000,4145.5679,1389.4523,23.0000,0.0000,0.0000,0.0000,0.0000,0.0000,0.0000,0.0000
"base",2025,2,40761.7112,8096.1379,63.8416,0.0000,0.0000,0.0000,11409.8992,23581.7919,17610.0900,0.0000,0.0000,0.0000,0.0000,0.0000,0.0000,0.0000
"base",2025,21,0.0000,0.0000,0.0000,0.0000,0.0000,0.0000,0.0000,0.0000,0.0000,0.0000,0.0000,0.0000,0.0000,0.0000,0.0000,0.0000
"base",2025,22,22137.8163,4392.2072,15.0943,0.0000,0.0000,0.0000,1849.2571,5467.3821,0.0000,0.0000,0.0000,0.0000,0.0000,0.0000,0.0000,0.0000
"base",2025,23,23596.5570,4957.3775,14.2797,0.0000,0.0000,0.0000,1872.6708,5326.4359,0.0000,0.0000,0.0000,0.0000,0.0000,0.0000,0.0000,0.0000
"base",2025,24,31758.2091,5915.5171,16.1070,0.0000,0.0000,0.0000,1865.0272,4793.0600,0.0000,0.0000,0.0000,0.0000,0.0000,0.0000,0.0000,0.0000
"base",2025,25,29675.2951,6102.5871,19.6174,0.0000,0.0000,0.0000,2445.1478,8751.2360,0.0000,0.0000,0.0000,0.0000,0.0000,0.0000,0.0000,0.0000
"base",2025,26,24820.8286,5393.0805,17.9505,0.0000,0.0000,0.0000,2622.2856,12640.4085,0.0000,0.0000,0.0000,0.0000,0.0000,0.0000,0.0000,0.0000
"base",2025,3,2733.2200,659.7280,40.7502,0.0000,0.0000,0.0000,13511.6203,5748.0000,0.0000,0.0000,0.0000,0.0000,0.0000,0.0000,0.0000,0.0000
"base",2025,31,2865.5115,949.1246,12.2566,0.0000,0.0000,0.0000,19777.1260,529.9017,34.0000,0.0000,0.0000,0.0000,0.0000,0.0000,0.0000,0.0000
"base",2025,32,22820.0120,8346.7203,32.7776,0.0000,0.0000,0.0000,3989.6109,4581.0029,320.0000,0.0000,0.0000,0.0000,0.0000,0.0000,0.0000,0.0000
"base",2025,33,15240.6528,5410.7236,16.6854,0.0000,0.0000,0.0000,2077.8857,2387.7951,47.0000,170.6025,0.0000,0.0000,0.0000,0.0000,0.0000,0.0000
"base",2025,34,29011.7532,7744.1000,21.9515,0.0000,0.0000,0.0000,2492.8363,6663.6549,0.0000,0.0000,0.0000,0.0000,0.0000,0.0000,0.0000,0.0000
"base",2025,35,15593.7206,4820.3279,16.5225,0.0000,0.0000,0.0000,1773.3343,3110.2924,121.0000,0.0000,0.0000,0.0000,0.0000,0.0000,0.0000,0.0000
"base",2025,36,22541.2475,6864.5309,23.6549,0.0000,0.0000,0.0000,2537.1559,4363.4063,82.0000,0.0000,0.0000,0.0000,0.0000,0.0000,0.0000,0.0000
"base",2025,37,16605.8794,4155.3097,32.6207,0.0000,0.0000,0.0000,1685.5650,4789.1944,74.0000,0.0000,0.0000,0.0000,0.0000,0.0000,0.0000,0.0000
"base",2025,38,19857.2956,6964.6153,26.5078,0.0000,0.0000,0.0000,2925.1930,4951.1678,434.0000,0.0000,0.0000,0.0000,0.0000,0.0000,0.0000,0.0000
"base",2025,39,16064.3161,7362.3161,20.4554,0.0000,0.0000,0.0000,3548.0463,3829.7156,44.0000,0.0000,0.0000,0.0000,0.0000,0.0000,0.0000,0.0000
"base",2025,4,37181.0300,7303.0316,19.1618,0.0000,0.0000,0.0000,11610.7999,7627.9060,1482.0000,0.0000,0.0000,0.0000,0.0000,0.0000,0.0000,0.0000
"base",2025,40,16712.6001,6520.7634,28.1581,0.0000,0.0000,0.0000,6990.8962,4999.5987,368.0000,1304.7006,0.0000,0.0000,0.0000,0.0000,0.0000,0.0000
"base",2025,41,22033.6935,5478.6741,28.4951,0.0000,0.0000,0.0000,6051.2381,11445.6343,5709.8654,0.0000,0.0000,0.0000,0.0000,0.0000,0.0000,0.0000
"base",2025,42,9954.9654,2465.7594,7.86515,0.0000,0.0000,0.0000,7682.6993,4833.7366,1083.0000,6031.5353,0.0000,0.0000,0.0000,0.0000,0.0000,0.0000
"base",2025,43,5859.3871,2283.1026,5.10045,0.0000,0.0000,0.0000,1827.5044,1141.0565,20.0000,0.0000,0.0000,0.0000,0.0000,0.0000,0.0000,0.0000
"base",2025,44,0.0000,0.0000,0.0000,0.0000,0.0000,0.0000,8908.4727,0.0000,0.0000,1397.6250,0.0000,0.0000,0.0000,0.0000,0.0000,0.0000
"base",2025,45,16472.9627,5198.6263,23.0043,0.0000,0.0000,0.0000,1656.4563,2309.6038,375.0000,0.0000,0.0000,0.0000,0.0000,0.0000,0.0000,0.0000
"base",2025,46,29847.2801,9777.3588,23.7006,0.0000,0.0000,0.0000,4161.7496,4495.8473,498.0000,0.0000,0.0000,0.0000,0.0000,0.0000,0.0000,0.0000
"base",2025,47,18885.5644,5665.5743,22.8752,0.0000,0.0000,0.0000,2582.3095,3609.0199,124.0000,500.0000,0.0000,0.0000,0.0000,0.0000,0.0000,0.0000
"base",2025,48,4229.2000,1353.0000,12.5000,0.0000,0.0000,0.0000,8705.5295,172.1509,0.0000,4039.2072,0.0000,0.0000,0.0000,0.0000,0.0000,0.0000
"base",2025,49,0.0000,0.0000,0.0000,0.0000,0.0000,0.0000,148.0991,1238.0000,0.0000,0.0000,0.0000,0.0000,0.0000,0.0000,0.0000,0.0000
"base",2025,5,2679.2594,1180.7642,18.5740,0.0000,0.0000,0.0000,7575.6241,41.0000,266.0000,0.0000,0.0000,0.0000,0.0000,0.0000,0.0000,0.0000
"base",2025,50,18240.8077,7414.4806,17.6459,0.0000,0.0000,0.0000,3799.8299,3926.7318,179.0000,3658.1875,0.0000,0.0000,0.0000,0.0000,0.0000,0.0000
"base",2025,51,0.0000,0.0000,0.0000,0.0000,0.0000,0.0000,19454.4301,0.0000,0.0000,0.0000,0.0000,0.0000,0.0000,0.0000,0.0000,0.0000
"base",2025,52,29743.4921,5870.8781,43.6852,0.0000,0.0000,0.0000,4848.1828,10354.7371,4081.7174,0.0000,0.0000,0.0000,0.0000,0.0000,0.0000,0.0000
"base",2025,53,46274.5421,8540.7484,73.9023,0.0000,0.0000,0.0000,12852.8297,22388.7539,12651.9753,0.0000,0.0000,0.0000,0.0000,0.0000,0.0000,0.0000
"base",2025,54,24799.1114,5914.8146,29.6571,0.0000,0.0000,0.0000,3747.0768,9144.0242,3408.3123,0.0000,0.0000,0.0000,0.0000,0.0000,0.0000,0.0000
"base",2025,55,186.7909,54.0000,3.45909,0.0000,0.0000,0.0000,18295.2666,1697.0000,1039.0000,0.0000,0.0000,0.0000,0.0000,0.0000,0.0000,0.0000
"base",2025,56,16350.0383,3699.8050,17.3078,0.0000,0.0000,0.0000,2689.5438,6507.2410,3815.6450,0.0000,0.0000,0.0000,0.0000,0.0000,0.0000,0.0000
"base",2025,57,2595.9292,825.8750,6.2633,0.0000,0.0000,0.0000,502.8980,182.2025,0.0000,0.0000,0.0000,0.0000,0.0000,0.0000,0.0000,0.0000
"base",2025,58,20184.6292,4033.0084,39.5015,0.0000,0.0000,0.0000,2722.5848,5144.0526,748.6596,0.0000,0.0000,0.0000,0.0000,0.0000,0.0000,0.0000
"base",2025,59,34111.6856,6482.8488,37.4959,0.0000,0.0000,0.0000,4142.4035,13475.6731,4707.6324,0.0000,0.0000,0.0000,0.0000,0.0000,0.0000,0.0000
"base",2025,6,10761.2985,5883.5584,20.3143,0.0000,0.0000,0.0000,8358.1087,3249.1298,177.0000,175.7600,0.0000,0.0000,0.0000,0.0000,0.0000,0.0000
"base",2025,60,25439.5467,3987.7303,31.7351,0.0000,0.0000,0.0000,2656.2096,9206.5823,2206.4962,0.0000,0.0000,0.0000,0.0000,0.0000,0.0000,0.0000
"base",2025,61,19140.5719,4129.9337,27.6890,0.0000,0.0000,0.0000,2753.4474,6172.3528,190.0000,0.0000,0.0000,0.0000,0.0000,0.0000,0.0000,0.0000
"base",2025,62,6459.6569,970.1742,13.3045,0.0000,0.0000,0.0000,471.4990,2170.0684,946.1926,0.0000,0.0000,0.0000,0.0000,0.0000,0.0000,0.0000
"base",2025,63,22470.8436,6878.2761,29.0637,0.0000,0.0000,0.0000,1427.4382,3393.9380,0.0000,0.0000,0.0000,0.0000,0.0000,0.0000,0.0000,0.0000
"base",2025,64,24487.7504,6886.4843,35.9588,0.0000,0.0000,0.0000,2530.9145,4008.0359,20.0000,0.0000,0.0000,0.0000,0.0000,0.0000,0.0000,0.0000
"base",2025,65,61125.5580,11754.9150,15.6000,0.0000,0.0000,0.0000,2314.1980,5546.5125,0.0000,0.0000,0.0000,0.0000,0.0000,0.0000,0.0000,0.0000
"base",2025,66,38577.3773,9396.0895,41.1602,0.0000,0.0000,0.0000,3480.8431,15564.3599,0.0000,0.0000,0.0000,0.0000,0.0000,0.0000,0.0000,0.0000
"base",2025,67,34865.9058,8716.4765,36.0000,0.0000,0.0000,0.0000,3440.6427,13995.2617,0.0000,3307.5000,0.0000,0.0000,0.0000,0.0000,0.0000,0.0000
"base",2025,68,1093.3789,290.0000,7.54054,0.0000,0.0000,0.0000,9465.0437,644.0000,0.0000,0.0000,0.0000,0.0000,0.0000,0.0000,0.0000,0.0000
"base",2025,69,59144.1239,10762.3302,10.9934,0.0000,0.0000,0.0000,2142.9529,10691.2671,0.0000,0.0000,0.0000,0.0000,0.0000,0.0000,0.0000,0.0000
"base",2025,7,1579.6701,677.2154,2.3326,0.0000,0.0000,0.0000,18472.1526,2288.5409,24.0000,6702.6575,0.0000,0.0000,0.0000,0.0000,0.0000,0.0000
"base",2025,70,0.0000,0.0000,0.0000,0.0000,0.0000,0.0000,0.0000,0.0000,0.0000,0.0000,0.0000,0.0000,0.0000,0.0000,0.0000,0.0000
"base",2025,71,46518.8514,12036.8229,72.6527,161.2321,0.0000,37.1434,9750.3999,12394.8321,311.0000,0.0000,0.0000,0.0000,0.0000,0.0000,0.0000,0.0000
"base",2025,72,48239.9381,0.0000,0.0000,0.0000,0.0000,0.0000,0.0000,0.0000,0.0000,0.0000,0.0000,0.0000,0.0000,0.0000,0.0000,0.0000
"base",2025,73,258999.8946,0.0000,0.0000,0.0000,0.0000,0.0000,0.0000,0.0000,0.0000,0.0000,0.0000,0.0000,0.0000,0.0000,0.0000,0.0000
"base",2025,74,41461.9603,8646.3916,38.9793,1729.2783,1106.0000,927.2074,3762.4858,13908.1115,259.2407,2036.2113,0.0000,0.0000,0.0000,0.0000,0.0000,0.0000
"base",2025,75,61504.5720,10161.5237,73.2886,2032.3047,0.0000,1932.7166,3965.0214,28990.7497,5901.0449,0.0000,0.0000,0.0000,0.0000,0.0000,0.0000,0.0000
"base",2025,76,55345.8286,13789.3722,54.8137,226.8309,0.0000,74.9434,7645.8577,12808.1993,697.5735,0.0000,0.0000,0.0000,0.0000,0.0000,0.0000,0.0000
"base",2025,77,37090.4880,11386.5898,62.2345,0.0000,0.0000,0.0000,3024.5689,7676.7389,106.0000,0.0000,0.0000,0.0000,0.0000,0.0000,0.0000,0.0000
"base",2025,78,19117.7856,4596.6412,31.6967,1015.8346,0.0000,407.8239,1423.6585,6117.3590,0.0000,0.0000,0.0000,0.0000,0.0000,0.0000,0.0000,0.0000
"base",2025,79,60638.6358,11483.3975,66.2000,2632.3329,1436.2500,1452.3561,5520.9390,21785.3419,988.1005,0.0000,0.0000,0.0000,0.0000,0.0000,0.0000,0.0000
"base",2025,8,2779.4727,965.2771,8.87627,0.0000,0.0000,0.0000,8532.2041,301.0000,34.7403,0.0000,0.0000,0.0000,0.0000,0.0000,0.0000,0.0000
"base",2025,80,245756.7038,960.7692,5.6,240.1923,0.0000,177.3848,757.4582,2660.7720,484.7612,0.0000,0.0000,0.0000,0.0000,0.0000,0.0000,0.0000
"base",2025,82,10320.7544,1894.5482,16.1000,449.0360,0.0000,242.6048,691.6408,3639.0722,772.7893,0.0000,0.0000,0.0000,0.0000,0.0000,0.0000,0.0000
"base",2025,83,492676.5872,0.0000,0.0000,0.0000,0.0000,0.0000,0.0000,0.0000,0.0000,0.0000,0.0000,0.0000,0.0000,0.0000,0.0000,0.0000
"base",2025,84,13159.5000,3362.0000,11.5171,0.0000,0.0000,0.0000,1028.7092,1029.8573,0.0000,0.0000,0.0000,0.0000,0.0000,0.0000,0.0000,0.0000
"base",2025,85,150395.5600,30749.2000,194.1000,0.0000,0.0000,0.0000,23582.2689,52876.7976,7019.6623,0.0000,0.0000,0.0000,0.0000,0.0000,0.0000,0.0000
"base",2025,86,21336.4000,5366.0000,27.4625,150.0000,312.5000,67.2727,8794.0200,7038.9675,17.0000,0.0000,0.0000,0.0000,0.0000,0.0000,0.0000,0.0000
"base",2025,87,107933.4698,29789.3249,70.4976,469.0000,0.0000,165.8085,11395.4290,32025.9021,144.0000,0.0000,0.0000,0.0000,0.0000,0.0000,0.0000,0.0000
"base",2025,88,85202.6219,13237.2981,53.4000,3320.1579,250.0000,2571.7085,6491.8664,38575.6281,7744.8499,0.0000,0.0000,0.0000,0.0000,0.0000,0.0000,0.0000
"base",2025,89,16732.5176,3097.9233,16.3000,687.2202,0.0000,405.9088,1093.1290,6088.6322,0.0000,0.0000,0.0000,0.0000,0.0000,0.0000,0.0000,0.0000
"base",2025,9,9156.6829,4895.3739,20.1990,0.0000,0.0000,0.0000,6935.8960,1037.9392,1504.1215,416.0250,0.0000,0.0000,0.0000,0.0000,0.0000,0.0000
"base",2025,90,217271.5365,313.6544,4.2,104.5515,0.0000,24.0079,128.5594,360.1187,0.0000,0.0000,0.0000,0.0000,0.0000,0.0000,0.0000,0.0000
"base",2025,91,109513.5815,24533.5194,77.5000,5247.2317,11420.4375,2169.4724,18837.1416,32542.0862,568.9523,16537.5000,0.0000,0.0000,0.0000,0.0000,0.0000,0.0000
"base",2025,92,474344.8680,0.0000,0.0000,0.0000,0.0000,0.0000,0.0000,0.0000,0.0000,0.0000,0.0000,0.0000,0.0000,0.0000,0.0000,0.0000
"base",2025,93,8792.9851,1352.7669,6.5,270.5534,0.0000,201.7297,472.2830,3025.9449,0.0000,0.0000,0.0000,0.0000,0.0000,0.0000,0.0000,0.0000
"base",2025,94,423776.3643,0.0000,0.0000,0.0000,0.0000,0.0000,0.0000,0.0000,0.0000,0.0000,0.0000,0.0000,0.0000,0.0000,0.0000,0.0000
"base",2025,95,4513.0302,1156.5953,7.5,75.5674,1210.0000,102.4818,1388.0492,1537.2263,0.0000,0.0000,0.0000,0.0000,0.0000,0.0000,0.0000,0.0000
"base",2025,96,435133.0263,0.0000,0.0000,0.0000,0.0000,0.0000,0.0000,0.0000,0.0000,0.0000,0.0000,0.0000,0.0000,0.0000,0.0000,0.0000
"base",2025,97,6874.4254,1662.6945,12.8000,554.2315,0.0000,158.9876,713.2191,2384.8138,0.0000,0.0000,0.0000,0.0000,0.0000,0.0000,0.0000,0.0000
"base",2025,98,59408.2349,0.0000,0.0000,0.0000,0.0000,0.0000,0.0000,0.0000,0.0000,0.0000,0.0000,0.0000,0.0000,0.0000,0.0000,0.0000
"base",2025,99,351359.1819,0.0000,0.0000,0.0000,0.0000,0.0000,0.0000,0.0000,0.0000,0.0000,0.0000,0.0000,0.0000,0.0000,0.0000,0.0000
"base",2030,1,13843.6678,5785.0419,37.0460,0.0000,0.0000,0.0000,37193.8633,2443.5736,68.0000,3367.5311,0.0000,10786.8167,18086.6313,7129.9583,1190.4570,0.0000
"base",2030,10,30807.0049,6826.1635,36.3559,0.0000,0.0000,0.0000,11662.5288,15721.3442,7336.6416,0.0000,90.1354,2616.5176,4494.8348,2041.7304,2419.3105,0.0000
"base",2030,100,11669.9141,2259.4034,26.0000,517.2514,390.6250,254.2170,1162.0934,3813.2553,0.0000,0.0000,132.0857,224.7452,253.6958,207.5641,254.2170,91.7407
"base",2030,11,2050.8633,1100.3571,3.76057,0.0000,0.0000,0.0000,8095.5277,0.0000,0.0000,22625.6965,138.1198,585.2105,4892.5111,187.8148,2291.8714,0.0000
"base",2030,12,25242.7454,5142.7000,19.4726,0.0000,0.0000,0.0000,2171.8377,5624.2761,0.0000,0.0000,129.4435,381.7258,360.0192,206.8199,1093.8293,0.0000
"base",2030,13,31763.9170,7653.8819,25.3256,0.0000,0.0000,0.0000,5014.0787,9513.8437,0.0000,0.0000,86.4514,846.8208,944.8222,1961.6893,1174.2950,0.0000
"base",2030,14,11551.0722,2825.3414,19.3928,0.0000,0.0000,0.0000,6024.6792,4068.1308,64.0000,0.0000,167.0394,1635.9296,1749.2146,1422.6117,1049.8839,0.0000
"base",2030,15,7192.5228,2735.1053,14.8094,0.0000,0.0000,0.0000,4410.2012,1444.6281,23.0000,0.0000,0.0000,835.5103,2758.9170,365.1143,450.6596,0.0000
"base",2030,2,44205.0370,8655.8379,64.7368,0.0000,0.0000,0.0000,11835.8830,24394.1492,17787.3472,0.0000,161.3323,3096.5442,3024.7111,1735.9611,3817.3343,0.0000
"base",2030,21,0.0000,0.0000,0.0000,0.0000,0.0000,0.0000,0.0000,0.0000,0.0000,0.0000,0.0000,0.0000,0.0000,0.0000,0.0000,0.0000
"base",2030,22,24448.1831,4845.1754,15.0943,0.0000,0.0000,0.0000,2104.8563,6163.5731,0.0000,0.0000,75.0746,535.2090,494.7622,335.4480,664.3626,0.0000
"base",2030,23,25410.0644,5345.7756,14.2518,0.0000,0.0000,0.0000,2106.4510,5840.4039,0.0000,0.0000,114.4566,463.3951,282.8100,501.0994,744.6898,0.0000
"base",2030,24,33370.0020,6215.7350,16.1070,0.0000,0.0000,0.0000,1973.6283,5749.0900,0.0000,0.0000,46.7655,494.3405,409.8076,228.3201,794.3946,0.0000
"base",2030,25,33871.7176,6897.4081,19.8097,0.0000,0.0000,0.0000,2891.8270,9600.2333,0.0000,0.0000,141.7351,557.8145,472.5220,716.2336,1003.5218,0.0000
"base",2030,26,28115.6520,6119.3083,17.9505,0.0000,0.0000,0.0000,3526.8936,13559.4610,0.0000,0.0000,430.7820,746.9362,480.4122,569.7674,1298.9959,0.0000
"base",2030,3,3027.9200,775.2522,38.8258,0.0000,0.0000,0.0000,16054.1225,5748.0000,0.0000,0.0000,127.5820,5292.5462,6110.1441,2459.2490,2064.6012,0.0000
"base",2030,31,3097.3643,1030.6246,12.1797,0.0000,0.0000,0.0000,23728.5560,539.5500,34.0000,0.0000,3462.6584,7656.1780,11797.8396,581.3714,230.5085,0.0000
"base",2030,32,26502.7842,9693.2369,32.5582,0.0000,0.0000,0.0000,4335.0266,5591.7885,320.0000,0.0000,0.0000,1260.8449,1047.8722,1026.1313,907.5142,93.9224
"base",2030,33,15354.5401,5511.9236,16.5252,0.0000,0.0000,0.0000,2208.9477,2297.7993,47.0000,196.1929,0.0000,578.2724,295.0391,558.9674,776.6689,0.0000
"base",2030,34,32830.0404,9294.1000,21.7346,0.0000,0.0000,0.0000,2793.0391,8404.6511,0.0000,0.0000,0.0000,571.6902,307.6073,645.7462,1267.9954,0.0000
"base",2030,35,16718.6681,5235.9779,16.3775,0.0000,0.0000,0.0000,1803.5511,3160.5056,121.0000,0.0000,0.0000,127.7919,861.5697,228.4109,585.7786,0.0000
"base",2030,36,25070.2202,7666.7309,23.6247,0.0000,0.0000,0.0000,2662.7055,4650.1042,82.0000,0.0000,0.0000,501.4440,638.4695,555.4540,967.3381,0.0000
"base",2030,37,18119.5081,4528.8519,32.6770,0.0000,0.0000,0.0000,1894.9222,4829.4293,74.0000,0.0000,26.0271,420.8311,374.3608,471.7553,497.2208,104.7271
"base",2030,38,23243.2356,8066.0987,26.7734,0.0000,0.0000,0.0000,3101.4637,5599.5104,434.0000,0.0000,18.9721,314.6272,568.7456,803.1088,1396.0100,0.0000
"base",2030,39,16962.7181,7782.6494,20.1498,0.0000,0.0000,0.0000,3678.0336,3990.1434,44.0000,0.0000,0.0000,615.6043,1151.4312,806.0736,1104.9246,0.0000
"base",2030,4,37582.4400,7372.1264,19.2533,0.0000,0.0000,0.0000,11848.7823,7986.3063,1482.0000,0.0000,401.3681,3523.3296,1274.1981,3319.0729,3330.8135,0.0000
"base",2030,40,17598.6077,7038.8634,27.3525,0.0000,0.0000,0.0000,7486.5876,5075.1874,368.0000,1402.5532,147.7660,2742.4854,2383.6806,809.7621,1402.8935,0.0000
"base",2030,41,22803.3600,5612.7741,28.8709,0.0000,0.0000,0.0000,6183.2795,11628.9142,5785.0600,0.0000,0.0000,883.2458,1036.1545,1200.1481,3063.7310,0.0000
"base",2030,42,10682.4711,2500.7594,8.17143,0.0000,0.0000,0.0000,8221.9841,4568.0302,1083.0000,6505.3447,0.0000,814.6538,1353.8352,4683.0693,1370.4259,0.0000
"base",2030,43,7016.9367,2771.9026,5.03664,0.0000,0.0000,0.0000,1861.9962,1303.3937,20.0000,0.0000,0.0000,310.8213,848.3881,376.7676,326.0191,0.0000
"base",2030,44,432.0000,288.0000,1.5,0.0000,0.0000,0.0000,11322.6820,0.0000,0.0000,1508.4969,0.0000,4000.2273,5879.0502,1243.4045,200.0000,0.0000
"base",2030,45,16636.4823,5256.0096,23.0129,0.0000,0.0000,0.0000,1676.0671,2282.7033,375.0000,0.0000,0.0000,314.8833,521.0155,157.6740,682.4943,0.0000
"base",2030,46,33715.1689,10904.0588,23.9906,0.0000,0.0000,0.0000,4405.1844,5001.1074,498.0000,0.0000,0.0000,1020.2144,1211.5504,965.5894,1207.8302,0.0000
"base",2030,47,22532.2866,6508.5743,22.9254,0.0000,0.0000,0.0000,2680.2422,4156.4226,124.0000,500.0000,0.0000,913.1484,501.9938,507.9015,757.1985,0.0000
"base",2030,48,13896.1000,4118.0000,19.7000,0.0000,0.0000,0.0000,10447.4763,3836.9279,0.0000,4321.9517,261.7731,936.5501,1061.1985,217.4581,338.1282,233.7658
"base",2030,49,0.0000,0.0000,0.0000,0.0000,0.0000,0.0000,150.5888,1238.0000,0.0000,0.0000,0.0000,0.0000,0.0000,7.52944,135.5299,7.52944
"base",2030,5,2708.6681,1189.4142,18.6095,0.0000,0.0000,0.0000,7687.4155,41.0000,266.0000,0.0000,26.4270,4036.2272,2115.2536,1002.4626,507.0452,0.0000
"base",2030,50,19179.9948,7878.1806,17.5219,0.0000,0.0000,0.0000,3905.7489,4071.2648,179.0000,3936.0819,0.0000,696.1290,744.5622,894.2955,1570.7622,0.0000
"base",2030,51,0.0000,0.0000,0.0000,0.0000,0.0000,0.0000,21367.7523,0.0000,0.0000,0.0000,5035.1560,585.7324,15430.1342,64.9720,251.7578,0.0000
"base",2030,52,30959.7458,6026.2031,44.3230,0.0000,0.0000,0.0000,4976.0348,10424.7889,4204.1816,0.0000,18.4955,1095.0400,1307.6402,947.9819,1606.8772,0.0000
"base",2030,53,51162.1160,9322.7101,75.7277,0.0000,0.0000,0.0000,13212.4099,23853.2352,12861.6507,0.0000,673.0766,3210.6339,3898.1822,1766.5176,3663.9997,0.0000
"base",2030,54,26359.8034,6130.1146,30.3813,0.0000,0.0000,0.0000,3839.8053,9590.3110,3479.4551,0.0000,98.9357,791.3947,782.8998,577.2009,1589.3742,0.0000
"base",2030,55,1327.6594,382.5000,10.5052,0.0000,0.0000,0.0000,20839.1643,2053.2554,1039.0000,0.0000,2088.1195,3224.5277,13867.7271,1316.4874,342.3026,0.0000
"base",2030,56,16273.7807,3714.5550,17.1654,0.0000,0.0000,0.0000,2769.5880,6489.4827,3705.4666,0.0000,0.0000,217.6508,604.6549,554.7487,1392.5336,0.0000
"base",2030,57,2685.9273,849.9750,6.30478,0.0000,0.0000,0.0000,538.6515,162.9352,0.0000,0.0000,39.3701,165.5248,139.6053,104.7751,17.8752,71.5010
"base",2030,58,21004.2794,4070.2084,40.4141,0.0000,0.0000,0.0000,2780.7448,5048.8074,723.8718,0.0000,12.7669,634.5364,405.1272,480.9204,1247.3938,0.0000
"base",2030,59,36019.8051,6683.2488,38.0750,0.0000,0.0000,0.0000,4232.6660,13633.0536,4637.1682,0.0000,0.0000,499.8662,696.3125,774.2376,2262.2496,0.0000
"base",2030,6,11013.3232,6100.5484,19.9493,0.0000,0.0000,0.0000,8486.5558,3274.3169,177.0000,228.4880,0.0000,1546.6924,4578.2842,1675.8818,685.6974,0.0000
"base",2030,60,26085.7952,3987.7303,32.3097,0.0000,0.0000,0.0000,2787.7007,10687.7881,2261.4520,0.0000,0.0000,418.1551,278.7701,418.1551,1672.6204,0.0000
"base",2030,61,20544.7960,4167.4754,29.3478,0.0000,0.0000,0.0000,2818.0752,6611.6992,190.0000,0.0000,0.0000,319.5295,1224.3821,268.8688,1005.2947,0.0000
"base",2030,62,6605.5889,995.5742,13.2673,0.0000,0.0000,0.0000,484.2167,2333.1448,883.2597,0.0000,0.0000,115.5697,48.0162,25.0625,295.5683,0.0000
"base",2030,63,23705.0040,7159.2761,30.3350,0.0000,0.0000,0.0000,1477.2771,3562.7400,0.0000,0.0000,16.7244,129.4319,418.1828,237.3639,675.5741,0.0000
"base",2030,64,24697.7504,6997.3843,35.6086,0.0000,0.0000,0.0000,2842.3957,4180.7975,20.0000,0.0000,24.9195,479.9363,708.7873,710.4348,918.3179,0.0000
"base",2030,65,70070.6444,13475.1239,15.6000,0.0000,0.0000,0.0000,2645.5679,6321.3612,0.0000,0.0000,73.7473,613.7774,391.2331,402.1202,1164.6898,0.0000
"base",2030,66,48124.5723,11582.8535,46.1671,0.0000,0.0000,0.0000,6940.2525,17221.1220,201.5000,0.0000,146.5615,1002.2895,3352.0197,740.1796,1699.2022,0.0000
"base",2030,67,41051.5946,10262.8987,36.0000,0.0000,0.0000,0.0000,4187.4508,14760.9800,0.0000,3472.8750,22.9930,560.7637,782.3171,1636.4849,1184.8921,0.0000
"base",2030,68,1093.3789,290.0000,7.54054,0.0000,0.0000,0.0000,11499.9672,644.0000,0.0000,0.0000,10402.2511,474.6506,140.7163,129.6149,352.7343,0.0000
"base",2030,69,67346.7693,11342.4969,11.8751,0.0000,0.0000,0.0000,2431.0049,10829.2752,0.0000,0.0000,243.1005,659.1902,321.4034,321.4034,885.9073,0.0000
"base",2030,7,1573.2014,677.2154,2.32304,0.0000,0.0000,0.0000,23565.9404,2280.5432,24.0000,7182.5902,0.0000,848.4250,15166.1011,5401.1265,1232.3338,0.0000
"base",2030,70,0.0000,0.0000,0.0000,0.0000,0.0000,0.0000,0.0000,0.0000,0.0000,0.0000,0.0000,0.0000,0.0000,0.0000,0.0000,0.0000
"base",2030,71,51233.0688,13388.9936,79.7434,182.2890,0.0000,44.9629,10503.6383,14115.9948,311.0000,0.0000,3487.0000,2173.5840,1305.5859,1828.9176,1637.7474,0.0000
"base",2030,72,51368.8797,0.0000,0.0000,0.0000,0.0000,0.0000,0.0000,0.0000,0.0000,0.0000,0.0000,0.0000,0.0000,0.0000,0.0000,0.0000
"base",2030,73,277909.5278,0.0000,0.0000,0.0000,0.0000,0.0000,0.0000,0.0000,0.0000,0.0000,0.0000,0.0000,0.0000,0.0000,0.0000,0.0000
"base",2030,74,51431.7585,10568.8726,49.3793,2113.7745,1303.0000,1162.1275,4578.9020,17431.9120,348.0653,2188.9271,259.5230,1209.6565,885.8930,1059.7850,1162.1275,0.0000
"base",2030,75,64543.5957,10291.5237,75.6473,2058.3047,750.0000,1993.1743,4801.4790,29897.6144,6027.3470,0.0000,225.0000,1035.2958,705.1479,845.2094,1993.1743,0.0000
"base",2030,76,61388.5962,15195.1295,58.7335,237.7423,0.0000,84.9479,8855.4786,14495.2879,722.8843,0.0000,701.8763,2596.4348,2122.1103,775.4551,1987.0966,673.5539
"base",2030,77,43301.6218,12602.2898,67.4322,0.0000,0.0000,0.0000,6081.1266,8829.4014,106.0000,0.0000,34.3703,1652.1891,1985.9409,1468.0449,917.3479,0.0000
"base",2030,78,22571.3271,5312.9990,31.7580,1174.9241,0.0000,489.2817,1664.2057,7339.2251,0.0000,0.0000,0.0000,456.3240,295.4455,425.9226,489.2817,0.0000
"base",2030,79,73399.8317,13832.7104,66.3000,3158.9046,1692.0625,1703.6587,6554.6259,25554.8811,1240.3740,0.0000,439.7219,1487.5443,1255.8998,1659.8956,1703.6587,21.0073
"base",2030,8,3247.4217,1105.2771,9.54767,0.0000,0.0000,0.0000,16685.8432,301.0000,25.6222,0.0000,0.0000,4103.0186,10544.8442,762.6049,8.46879,0.0000
"base",2030,80,262412.4727,1160.7692,5.6,290.1923,0.0000,207.8413,839.9132,3117.6202,623.1561,0.0000,0.0000,119.7352,59.7640,451.2399,207.8413,0.0000
"base",2030,82,11847.9720,2177.0408,16.1000,512.9758,0.0000,270.6708,783.6466,4060.0626,895.1607,0.0000,50.7142,146.3942,152.5963,146.3942,270.6708,15.5027
"base",2030,83,544741.9328,0.0000,0.0000,0.0000,0.0000,0.0000,0.0000,0.0000,0.0000,0.0000,0.0000,0.0000,0.0000,0.0000,0.0000,0.0000
"base",2030,84,14763.6000,3750.0000,11.4845,0.0000,0.0000,0.0000,1168.2258,1059.9035,0.0000,0.0000,145.8976,231.8359,253.8259,84.5996,159.6695,292.3972
"base",2030,85,238842.1920,45593.4400,265.5000,0.0000,0.0000,0.0000,35316.4990,92348.5554,11160.6738,0.0000,3221.1228,7696.9569,9444.0630,8652.9464,6258.5644,42.8455
"base",2030,86,23021.6000,5742.0000,27.6212,160.0000,390.6250,67.1721,10481.8507,7961.0675,17.0000,0.0000,6266.8594,1573.8560,719.2371,348.5326,857.8570,714.7230
"base",2030,87,123170.4485,34529.3249,77.0419,767.0000,0.0000,286.7981,12244.2334,36436.7957,144.0000,0.0000,705.8954,3483.2914,1927.3651,1564.9390,4500.5149,62.2277
"base",2030,88,95426.9059,14996.2392,59.9000,3789.0598,250.0000,2028.3073,6354.8671,41732.8464,8328.9479,0.0000,345.8937,1656.3001,1028.0709,1244.1040,2832.1898,0.0000
"base",2030,89,20372.7798,3767.2800,16.3000,836.1836,0.0000,495.3206,1331.5042,7429.8091,0.0000,0.0000,66.3560,319.6049,247.7462,202.8696,495.3206,0.0000
"base",2030,9,9542.1443,5143.2156,19.9732,0.0000,0.0000,0.0000,7026.6282,1043.2257,1513.3585,447.2269,10.1931,3747.3037,2042.5025,648.2451,578.3838,0.0000
"base",2030,90,233122.3237,373.6331,4.2,124.5444,0.0000,28.0313,152.5757,420.4694,0.0000,0.0000,15.2576,41.1954,38.1439,30.5151,28.0313,0.0000
"base",2030,91,129467.6571,28992.8528,77.5000,6220.3122,13965.1703,2598.1270,22783.6095,38971.9045,671.4407,17364.3750,7463.6597,4647.3919,6004.0614,2065.5230,2603.9569,0.0000
"base",2030,92,510308.0666,0.0000,0.0000,0.0000,0.0000,0.0000,0.0000,0.0000,0.0000,0.0000,0.0000,0.0000,0.0000,0.0000,0.0000,0.0000
"base",2030,93,10789.6408,1659.9447,6.5,331.9889,0.0000,222.3347,554.3237,3335.0208,0.0000,0.0000,0.0000,83.1485,83.1485,110.8647,222.3347,55.4324
"base",2030,94,454224.2727,0.0000,0.0000,0.0000,0.0000,0.0000,0.0000,0.0000,0.0000,0.0000,0.0000,0.0000,0.0000,0.0000,0.0000,0.0000
"base",2030,95,5479.3415,1403.3648,7.5,89.4118,1331.0000,125.0124,1545.4242,1875.1867,0.0000,0.0000,227.4211,524.4265,501.2050,160.0331,125.0124,10.9813
"base",2030,96,467733.8322,0.0000,0.0000,0.0000,0.0000,0.0000,0.0000,0.0000,0.0000,0.0000,0.0000,0.0000,0.0000,0.0000,0.0000,0.0000
"base",2030,97,8068.1155,1946.3596,12.8000,648.7865,0.0000,183.1657,831.9522,2747.4856,0.0000,0.0000,91.5147,83.1952,124.7928,124.7928,183.1657,224.5840
"base",2030,98,64323.2044,0.0000,0.0000,0.0000,0.0000,0.0000,0.0000,0.0000,0.0000,0.0000,0.0000,0.0000,0.0000,0.0000,0.0000,0.0000
"base",2030,99,389935.5743,0.0000,0.0000,0.0000,0.0000,0.0000,0.0000,0.0000,0.0000,0.0000,0.0000,0.0000,0.0000,0.0000,0.0000,0.0000
"base",2035,1,14394.1252,6013.9919,37.2637,0.0000,0.0000,0.0000,39355.0389,2451.7842,68.0000,3535.9077,0.0000,0.0000,0.0000,0.0000,0.0000,0.0000
"base",2035,10,32073.4318,7062.8468,36.5750,0.0000,0.0000,0.0000,11971.8519,15814.5846,7540.9635,0.0000,0.0000,0.0000,0.0000,0.0000,0.0000,0.0000
"base",2035,100,14379.5723,2760.9075,26.5000,631.5645,488.2812,325.0028,1444.8485,4875.0415,0.0000,0.0000,0.0000,0.0000,0.0000,0.0000,0.0000,0.0000
"base",2035,11,2206.5206,1172.3571,3.77015,0.0000,0.0000,0.0000,8380.1216,0.0000,0.0000,23508.7805,0.0000,0.0000,0.0000,0.0000,0.0000,0.0000
"base",2035,12,26734.7810,5680.1000,18.6700,0.0000,0.0000,0.0000,2375.4170,6348.0335,0.0000,0.0000,0.0000,0.0000,0.0000,0.0000,0.0000,0.0000
"base",2035,13,33697.9428,8115.1875,25.3329,0.0000,0.0000,0.0000,5286.2698,10025.7535,0.0000,0.0000,0.0000,0.0000,0.0000,0.0000,0.0000,0.0000
"base",2035,14,12257.0221,3002.4136,19.3928,0.0000,0.0000,0.0000,6614.1160,4343.6107,64.0000,0.0000,0.0000,0.0000,0.0000,0.0000,0.0000,0.0000
"base",2035,15,7260.2100,2773.5053,14.7820,0.0000,0.0000,0.0000,5807.9005,1519.2055,23.0000,0.0000,0.0000,0.0000,0.0000,0.0000,0.0000,0.0000
"base",2035,2,46112.0314,8908.5379,65.4172,0.0000,0.0000,0.0000,12226.7029,25026.4830,17977.0790,0.0000,0.0000,0.0000,0.0000,0.0000,0.0000,0.0000
"base",2035,21,0.0000,0.0000,0.0000,0.0000,0.0000,0.0000,0.0000,0.0000,0.0000,0.0000,0.0000,0.0000,0.0000,0.0000,0.0000,0.0000
"base",2035,22,26280.9641,5205.7435,15.0943,0.0000,0.0000,0.0000,2262.0841,6859.7641,0.0000,0.0000,0.0000,0.0000,0.0000,0.0000,0.0000,0.0000
"base",2035,23,28420.2075,5981.7736,14.2449,0.0000,0.0000,0.0000,2327.8469,6367.1023,0.0000,0.0000,0.0000,0.0000,0.0000,0.0000,0.0000,0.0000
"base",2035,24,35177.3226,6612.3529,16.0047,0.0000,0.0000,0.0000,2111.6780,6705.1200,0.0000,0.0000,0.0000,0.0000,0.0000,0.0000,0.0000,0.0000
"base",2035,25,39836.4502,8056.8291,19.8901,0.0000,0.0000,0.0000,3376.3035,11097.6588,0.0000,0.0000,0.0000,0.0000,0.0000,0.0000,0.0000,0.0000
"base",2035,26,32156.5035,7007.7362,17.9505,0.0000,0.0000,0.0000,4921.6015,14851.9980,0.0000,0.0000,0.0000,0.0000,0.0000,0.0000,0.0000,0.0000
"base",2035,3,3446.5548,917.9764,37.0131,0.0000,0.0000,0.0000,17294.0867,5748.0000,0.0000,0.0000,0.0000,0.0000,0.0000,0.0000,0.0000,0.0000
"base",2035,31,3984.8398,1362.1246,11.9855,0.0000,0.0000,0.0000,26059.1995,580.7271,34.0000,0.0000,0.0000,0.0000,0.0000,0.0000,0.0000,0.0000
"base",2035,32,28684.3410,10481.7536,32.1942,0.0000,0.0000,0.0000,4425.4829,6053.6228,320.0000,0.0000,0.0000,0.0000,0.0000,0.0000,0.0000,0.0000
"base",2035,33,15404.8018,5615.6236,16.3019,0.0000,0.0000,0.0000,2499.8908,2320.3615,47.0000,225.6218,0.0000,0.0000,0.0000,0.0000,0.0000,0.0000
"base",2035,34,36238.0514,10529.1000,21.6787,0.0000,0.0000,0.0000,3044.8299,9950.4363,0.0000,0.0000,0.0000,0.0000,0.0000,0.0000,0.0000,0.0000
"base",2035,35,17735.7435,5651.6279,16.1640,0.0000,0.0000,0.0000,1841.6674,3371.8121,121.0000,0.0000,0.0000,0.0000,0.0000,0.0000,0.0000,0.0000
"base",2035,36,28685.9899,8741.2309,23.4673,0.0000,0.0000,0.0000,2811.0422,5388.8764,82.0000,0.0000,0.0000,0.0000,0.0000,0.0000,0.0000,0.0000
"base",2035,37,19998.4336,4992.7942,32.7282,0.0000,0.0000,0.0000,2157.5647,5074.9981,74.0000,0.0000,0.0000,0.0000,0.0000,0.0000,0.0000,0.0000
"base",2035,38,26049.9347,9108.6820,26.3078,0.0000,0.0000,0.0000,3173.9784,5763.9018,434.0000,0.0000,0.0000,0.0000,0.0000,0.0000,0.0000,0.0000
"base",2035,39,17031.9182,7992.2327,19.7365,0.0000,0.0000,0.0000,3722.4431,4007.7114,44.0000,0.0000,0.0000,0.0000,0.0000,0.0000,0.0000,0.0000
"base",2035,4,38048.8500,7441.2212,19.4598,0.0000,0.0000,0.0000,12096.8943,8426.3110,1482.0000,0.0000,0.0000,0.0000,0.0000,0.0000,0.0000,0.0000
"base",2035,40,18750.7136,7696.6634,26.4838,0.0000,0.0000,0.0000,7677.3641,5159.5843,368.0000,1507.7447,0.0000,0.0000,0.0000,0.0000,0.0000,0.0000
"base",2035,41,23443.8579,5741.0741,29.0751,0.0000,0.0000,0.0000,6269.6581,11839.0851,5900.7760,0.0000,0.0000,0.0000,0.0000,0.0000,0.0000,0.0000
"base",2035,42,12564.4120,2836.3594,8.37281,0.0000,0.0000,0.0000,9301.4775,5042.6485,1083.0000,7016.4054,0.0000,0.0000,0.0000,0.0000,0.0000,0.0000
"base",2035,43,7520.0230,2989.9026,5.00829,0.0000,0.0000,0.0000,1893.7577,1378.4506,20.0000,0.0000,0.0000,0.0000,0.0000,0.0000,0.0000,0.0000
"base",2035,44,432.0000,288.0000,1.5,0.0000,0.0000,0.0000,12657.9259,0.0000,0.0000,1628.2891,0.0000,0.0000,0.0000,0.0000,0.0000,0.0000
"base",2035,45,16695.0095,5318.4930,22.8456,0.0000,0.0000,0.0000,1696.5644,2300.8671,375.0000,0.0000,0.0000,0.0000,0.0000,0.0000,0.0000,0.0000
"base",2035,46,37410.0547,11783.5588,24.4770,0.0000,0.0000,0.0000,4574.0945,5801.2425,498.0000,0.0000,0.0000,0.0000,0.0000,0.0000,0.0000,0.0000
"base",2035,47,22947.2479,6601.5743,22.8782,0.0000,0.0000,0.0000,2730.0169,4134.3626,124.0000,500.0000,0.0000,0.0000,0.0000,0.0000,0.0000,0.0000
"base",2035,48,23629.1000,6887.0000,19.8000,0.0000,0.0000,0.0000,12016.6665,7518.7221,0.0000,4624.4883,0.0000,0.0000,0.0000,0.0000,0.0000,0.0000
"base",2035,49,0.0000,0.0000,0.0000,0.0000,0.0000,0.0000,152.8690,1238.0000,0.0000,0.0000,0.0000,0.0000,0.0000,0.0000,0.0000,0.0000
"base",2035,5,2735.0416,1204.6642,18.6144,0.0000,0.0000,0.0000,8033.6309,41.0000,266.0000,0.0000,0.0000,0.0000,0.0000,0.0000,0.0000,0.0000
"base",2035,50,19480.9785,8109.9806,17.3166,0.0000,0.0000,0.0000,3998.8510,4187.4851,179.0000,4237.3695,0.0000,0.0000,0.0000,0.0000,0.0000,0.0000
"base",2035,51,0.0000,0.0000,0.0000,0.0000,0.0000,0.0000,22587.4584,0.0000,0.0000,0.0000,0.0000,0.0000,0.0000,0.0000,0.0000,0.0000
"base",2035,52,31974.9823,6177.5281,44.6567,0.0000,0.0000,0.0000,5070.9847,10666.5572,4239.4682,0.0000,0.0000,0.0000,0.0000,0.0000,0.0000,0.0000
"base",2035,53,55668.3238,10099.8408,76.9582,0.0000,0.0000,0.0000,13580.8148,25820.0149,13453.5800,0.0000,0.0000,0.0000,0.0000,0.0000,0.0000,0.0000
"base",2035,54,28524.9493,6501.9146,31.0327,0.0000,0.0000,0.0000,3976.6089,10348.7279,3599.8492,0.0000,0.0000,0.0000,0.0000,0.0000,0.0000,0.0000
"base",2035,55,1506.6965,420.3000,14.2707,0.0000,0.0000,0.0000,26303.9876,2053.2554,1039.0000,0.0000,0.0000,0.0000,0.0000,0.0000,0.0000,0.0000
"base",2035,56,20044.6999,4497.3050,22.0083,0.0000,0.0000,0.0000,3371.5772,8024.6200,4192.4752,0.0000,0.0000,0.0000,0.0000,0.0000,0.0000,0.0000
"base",2035,57,2776.7893,859.9750,6.42876,0.0000,0.0000,0.0000,577.3775,152.5145,0.0000,0.0000,0.0000,0.0000,0.0000,0.0000,0.0000,0.0000
"base",2035,58,21743.9435,4082.2084,41.3419,0.0000,0.0000,0.0000,2897.6586,5102.7756,772.0214,0.0000,0.0000,0.0000,0.0000,0.0000,0.0000,0.0000
"base",2035,59,37250.1630,6764.0488,38.7823,0.0000,0.0000,0.0000,4322.1658,13703.5790,4779.6277,0.0000,0.0000,0.0000,0.0000,0.0000,0.0000,0.0000
"base",2035,6,11225.0176,6311.7384,19.5705,0.0000,0.0000,0.0000,8604.2377,3311.0091,177.0000,297.0344,0.0000,0.0000,0.0000,0.0000,0.0000,0.0000
"base",2035,60,26866.9943,3987.7303,33.3894,0.0000,0.0000,0.0000,2896.0360,10763.6801,2293.8567,0.0000,0.0000,0.0000,0.0000,0.0000,0.0000,0.0000
"base",2035,61,21828.0255,4195.4171,30.9318,0.0000,0.0000,0.0000,2901.3491,7029.2613,190.0000,0.0000,0.0000,0.0000,0.0000,0.0000,0.0000,0.0000
"base",2035,62,6714.1328,1008.3742,13.3211,0.0000,0.0000,0.0000,486.9268,2418.3687,949.3271,0.0000,0.0000,0.0000,0.0000,0.0000,0.0000,0.0000
"base",2035,63,24815.7983,7554.2761,30.3283,0.0000,0.0000,0.0000,1488.6028,3896.6996,0.0000,0.0000,0.0000,0.0000,0.0000,0.0000,0.0000,0.0000
"base",2035,64,25633.8815,7342.4843,35.2567,0.0000,0.0000,0.0000,3130.7338,4488.8542,20.0000,0.0000,0.0000,0.0000,0.0000,0.0000,0.0000,0.0000
"base",2035,65,78986.3957,15189.6915,15.6000,0.0000,0.0000,0.0000,2980.7127,7156.9597,0.0000,0.0000,0.0000,0.0000,0.0000,0.0000,0.0000,0.0000
"base",2035,66,53949.5274,12854.9174,47.1583,0.0000,0.0000,0.0000,8574.9913,18783.1117,241.8000,0.0000,0.0000,0.0000,0.0000,0.0000,0.0000,0.0000
"base",2035,67,46074.4834,11518.6209,36.0000,0.0000,0.0000,0.0000,4766.9464,15587.3116,0.0000,3646.5188,0.0000,0.0000,0.0000,0.0000,0.0000,0.0000
"base",2035,68,1102.0000,290.0000,7.6,0.0000,0.0000,0.0000,13139.2983,644.0000,0.0000,0.0000,0.0000,0.0000,0.0000,0.0000,0.0000,0.0000
"base",2035,69,76052.4299,12023.1636,12.6483,0.0000,0.0000,0.0000,2731.8347,10959.6385,0.0000,0.0000,0.0000,0.0000,0.0000,0.0000,0.0000,0.0000
"base",2035,7,1614.7141,701.4154,2.30208,0.0000,0.0000,0.0000,24840.2270,2279.0525,24.0000,7697.3795,0.0000,0.0000,0.0000,0.0000,0.0000,0.0000
"base",2035,70,0.0000,0.0000,0.0000,0.0000,0.0000,0.0000,0.0000,0.0000,0.0000,0.0000,0.0000,0.0000,0.0000,0.0000,0.0000,0.0000
"base",2035,71,65430.5089,17211.0261,91.4300,436.2998,0.0000,53.1704,13250.4909,18891.3747,311.0000,0.0000,0.0000,0.0000,0.0000,0.0000,0.0000,0.0000
"base",2035,72,54525.2556,0.0000,0.0000,0.0000,0.0000,0.0000,0.0000,0.0000,0.0000,0.0000,0.0000,0.0000,0.0000,0.0000,0.0000,0.0000
"base",2035,73,295185.1963,0.0000,0.0000,0.0000,0.0000,0.0000,0.0000,0.0000,0.0000,0.0000,0.0000,0.0000,0.0000,0.0000,0.0000,0.0000
"base",2035,74,67738.4121,13658.9628,50.1793,2731.7926,1536.9800,1613.1064,5881.8789,24196.5955,1007.5560,2353.0966,0.0000,0.0000,0.0000,0.0000,0.0000,0.0000
"base",2035,75,66732.5602,10421.5237,77.1296,2084.3047,2000.0000,2019.2043,6103.5091,30288.0651,6211.6862,0.0000,0.0000,0.0000,0.0000,0.0000,0.0000,0.0000
"base",2035,76,67627.9601,16833.3115,59.0179,249.1387,0.0000,95.1969,10347.9063,16417.4847,751.8011,0.0000,0.0000,0.0000,0.0000,0.0000,0.0000,0.0000
"base",2035,77,44308.9435,12817.2898,67.5027,0.0000,0.0000,0.0000,7223.2407,10015.0370,106.0000,0.0000,0.0000,0.0000,0.0000,0.0000,0.0000,0.0000
"base",2035,78,27025.3860,6226.3110,31.9810,1383.7521,0.0000,595.3529,1979.1050,8930.2942,0.0000,0.0000,0.0000,0.0000,0.0000,0.0000,0.0000,0.0000
"base",2035,79,87275.5339,16175.3345,67.1000,3682.4536,2002.7531,2080.7451,7765.9518,31211.1764,1469.6140,0.0000,0.0000,0.0000,0.0000,0.0000,0.0000,0.0000
"base",2035,8,3564.2548,1215.2771,9.70318,0.0000,0.0000,0.0000,21018.5516,301.0000,27.6136,0.0000,0.0000,0.0000,0.0000,0.0000,0.0000,0.0000
"base",2035,80,277997.7497,1310.7692,5.6,327.6923,0.0000,225.0283,896.4305,3375.4244,739.7461,0.0000,0.0000,0.0000,0.0000,0.0000,0.0000,0.0000
"base",2035,82,13421.6029,2447.0978,16.4000,574.7097,0.0000,309.6343,884.3439,4644.5140,971.2907,0.0000,0.0000,0.0000,0.0000,0.0000,0.0000,0.0000
"base",2035,83,596695.3889,0.0000,0.0000,0.0000,0.0000,0.0000,0.0000,0.0000,0.0000,0.0000,0.0000,0.0000,0.0000,0.0000,0.0000,0.0000
"base",2035,84,16418.9000,4086.0000,11.6340,0.0000,0.0000,0.0000,1317.2920,1108.1221,0.0000,0.0000,0.0000,0.0000,0.0000,0.0000,0.0000,0.0000
"base",2035,85,318944.1040,58830.4400,297.9000,0.0000,0.0000,0.0000,50034.2494,124425.6076,14466.8914,0.0000,0.0000,0.0000,0.0000,0.0000,0.0000,0.0000
"base",2035,86,24114.5000,6158.0000,27.0621,175.0000,488.2812,77.4022,11885.1685,9005.6978,17.0000,0.0000,0.0000,0.0000,0.0000,0.0000,0.0000,0.0000
"base",2035,87,152203.1326,43538.3249,80.0043,1340.4000,0.0000,672.2610,14144.6428,46117.8824,144.0000,0.0000,0.0000,0.0000,0.0000,0.0000,0.0000,0.0000
"base",2035,88,109000.1145,17078.2362,61.1182,4359.5590,250.0000,2444.7791,7054.3381,48544.8070,9246.0887,0.0000,0.0000,0.0000,0.0000,0.0000,0.0000,0.0000
"base",2035,89,24413.5019,4416.4618,16.6000,980.6394,0.0000,613.4630,1594.1024,9201.9455,0.0000,0.0000,0.0000,0.0000,0.0000,0.0000,0.0000,0.0000
"base",2035,9,9595.4657,5287.5573,19.4864,0.0000,0.0000,0.0000,7100.7780,1052.1673,1519.0839,480.7689,0.0000,0.0000,0.0000,0.0000,0.0000,0.0000
"base",2035,90,247605.1383,425.9473,4.3,141.9824,0.0000,33.7290,175.7114,505.9346,0.0000,0.0000,0.0000,0.0000,0.0000,0.0000,0.0000,0.0000
"base",2035,91,149837.2729,33330.6489,78.5000,7165.3997,16850.8337,3139.4787,27155.7121,47092.1803,789.2315,18232.5938,0.0000,0.0000,0.0000,0.0000,0.0000,0.0000
"base",2035,92,543477.7771,0.0000,0.0000,0.0000,0.0000,0.0000,0.0000,0.0000,0.0000,0.0000,0.0000,0.0000,0.0000,0.0000,0.0000,0.0000
"base",2035,93,12967.6127,1995.0173,6.5,399.0035,0.0000,271.7476,670.7511,4076.2139,0.0000,0.0000,0.0000,0.0000,0.0000,0.0000,0.0000,0.0000
"base",2035,94,481777.7915,0.0000,0.0000,0.0000,0.0000,0.0000,0.0000,0.0000,0.0000,0.0000,0.0000,0.0000,0.0000,0.0000,0.0000,0.0000
"base",2035,95,6496.7303,1613.3653,7.8,98.3893,1464.1000,150.6957,1713.1850,2260.4350,0.0000,0.0000,0.0000,0.0000,0.0000,0.0000,0.0000,0.0000
"base",2035,96,497480.2846,0.0000,0.0000,0.0000,0.0000,0.0000,0.0000,0.0000,0.0000,0.0000,0.0000,0.0000,0.0000,0.0000,0.0000,0.0000
"base",2035,97,9266.9972,2153.3276,13.2000,717.7759,0.0000,213.1068,930.8826,3196.6014,0.0000,0.0000,0.0000,0.0000,0.0000,0.0000,0.0000,0.0000
"base",2035,98,68935.7264,0.0000,0.0000,0.0000,0.0000,0.0000,0.0000,0.0000,0.0000,0.0000,0.0000,0.0000,0.0000,0.0000,0.0000,0.0000
"base",2035,99,428540.6990,0.0000,0.0000,0.0000,0.0000,0.0000,0.0000,0.0000,0.0000,0.0000,0.0000,0.0000,0.0000,0.0000,0.0000,0.0000
"base",2040,1,15056.6673,6285.7419,37.7146,0.0000,0.0000,0.0000,40743.2840,2442.4660,68.0000,3712.7031,0.0000,11687.4189,20179.8312,7512.2764,1363.7575,0.0000
"base",2040,10,32787.3917,7242.3301,36.4151,0.0000,0.0000,0.0000,12162.4412,15911.8204,7601.0861,0.0000,93.5730,2746.1634,4689.8053,2110.3738,2522.5257,0.0000
"base",2040,100,17216.5357,3307.4365,26.5000,755.4548,610.3516,389.9744,1755.7808,5849.6164,0.0000,0.0000,199.8533,340.1780,373.9867,312.4870,389.9744,138.4046
"base",2040,11,2164.0804,1172.3571,3.69773,0.0000,0.0000,0.0000,8503.5462,0.0000,0.0000,24429.6112,149.3518,622.2722,5164.6636,200.1694,2367.0892,0.0000
"base",2040,12,29912.2870,6217.5000,18.9394,0.0000,0.0000,0.0000,2639.2415,7103.6209,0.0000,0.0000,162.2400,467.2019,444.5031,247.8888,1317.4076,0.0000
"base",2040,13,35725.6752,8599.4932,25.3393,0.0000,0.0000,0.0000,5546.5031,10701.6476,0.0000,0.0000,101.2864,942.0516,1041.3590,2137.0327,1324.7734,0.0000
"base",2040,14,12838.6820,3220.7857,19.1798,0.0000,0.0000,0.0000,7156.3513,4567.9765,64.0000,0.0000,204.4524,2029.7061,2076.0000,1603.4583,1242.7344,0.0000
"base",2040,15,7210.6963,2782.5053,14.6738,0.0000,0.0000,0.0000,5883.6409,1594.2318,23.0000,0.0000,0.0000,872.3529,4081.0124,464.0633,466.2123,0.0000
"base",2040,2,47773.5258,9258.5379,65.2549,0.0000,0.0000,0.0000,12578.2056,25621.8057,18077.6893,0.0000,174.3775,3291.4811,3182.9027,1835.4702,4093.9742,0.0000
"base",2040,21,0.0000,0.0000,0.0000,0.0000,0.0000,0.0000,0.0000,0.0000,0.0000,0.0000,0.0000,0.0000,0.0000,0.0000,0.0000,0.0000
"base",2040,22,27597.9029,5464.7117,15.0943,0.0000,0.0000,0.0000,2382.1168,7555.9552,0.0000,0.0000,87.9073,611.2469,552.8220,380.3436,749.7970,0.0000
"base",2040,23,30506.9325,6420.1716,14.2457,0.0000,0.0000,0.0000,2436.6753,7004.2109,0.0000,0.0000,126.0232,552.6568,323.7216,578.6061,855.6676,0.0000
"base",2040,24,36122.3201,6788.3708,16.0071,0.0000,0.0000,0.0000,2196.4897,7661.1500,0.0000,0.0000,60.6956,556.7036,444.4982,258.5530,876.0393,0.0000
"base",2040,25,45930.9846,9209.8501,20.0319,0.0000,0.0000,0.0000,3844.5279,12499.4517,0.0000,0.0000,208.1284,768.4191,623.7712,938.4802,1305.7290,0.0000
"base",2040,26,37803.8546,8252.9641,17.9505,0.0000,0.0000,0.0000,6331.8481,16371.2337,0.0000,0.0000,835.1577,1313.7650,764.3438,1110.1433,2308.4382,0.0000
"base",2040,3,3942.7948,1080.3006,36.5971,0.0000,0.0000,0.0000,18384.6156,5748.0000,0.0000,0.0000,140.7196,6007.4569,7050.4173,2817.5050,2368.5168,0.0000
"base",2040,31,5369.4054,1891.6246,11.7229,0.0000,0.0000,0.0000,30530.8373,774.8269,34.0000,0.0000,4400.3674,9838.5881,15251.7299,742.0446,298.1073,0.0000
"base",2040,32,28731.8132,10665.4703,31.8180,0.0000,0.0000,0.0000,4450.2362,6143.5016,320.0000,0.0000,0.0000,1306.3890,1072.2657,1045.0284,921.2899,103.2280
"base",2040,33,15341.9465,5699.2236,16.0189,0.0000,0.0000,0.0000,2760.7156,2323.6288,47.0000,259.4651,0.0000,833.6209,323.0780,797.4409,806.5758,0.0000
"base",2040,34,36006.8185,10529.1000,21.4744,0.0000,0.0000,0.0000,3230.1662,10424.3337,0.0000,0.0000,0.0000,690.8387,374.7834,749.1465,1415.3977,0.0000
"base",2040,35,17815.2018,5765.8029,15.8632,0.0000,0.0000,0.0000,1863.7257,3438.2797,121.0000,0.0000,0.0000,132.3024,890.5816,234.4954,606.3463,0.0000
"base",2040,36,32185.7112,9926.2309,23.2194,0.0000,0.0000,0.0000,2998.9663,6089.6029,82.0000,0.0000,0.0000,527.9059,660.7742,635.7204,1174.5658,0.0000
"base",2040,37,22335.4276,5569.6365,32.7712,0.0000,0.0000,0.0000,2306.9701,5272.0634,74.0000,0.0000,33.4322,512.0589,424.0495,600.4721,614.8286,122.1287
"base",2040,38,27561.8094,9793.4653,25.8660,0.0000,0.0000,0.0000,3252.6193,5901.3700,434.0000,0.0000,20.7283,331.6901,602.9758,833.8630,1463.3621,0.0000
"base",2040,39,17021.6458,8188.5661,19.2797,0.0000,0.0000,0.0000,3761.0637,4015.1887,44.0000,0.0000,0.0000,629.1132,1174.1922,826.0502,1131.7082,0.0000
"base",2040,4,38614.2600,7525.3160,19.6715,0.0000,0.0000,0.0000,12334.2639,8932.1069,1482.0000,0.0000,417.4642,3667.2687,1326.7551,3454.8004,3467.9755,0.0000
"base",2040,40,20309.3936,8463.5634,29.9260,0.0000,0.0000,0.0000,7875.7477,5227.2824,368.0000,1620.8255,164.5788,2883.4872,2511.7657,855.9760,1459.9401,0.0000
"base",2040,41,23836.2261,5844.7741,29.0703,0.0000,0.0000,0.0000,6339.8207,12008.9556,5920.0225,0.0000,0.0000,898.3041,1069.3301,1226.3900,3145.7965,0.0000
"base",2040,42,13072.9829,2859.3594,8.55279,0.0000,0.0000,0.0000,9924.5490,5015.0440,1083.0000,7567.6484,0.0000,1025.2256,1869.9965,5224.2691,1805.0578,0.0000
"base",2040,43,8335.1974,3339.9026,4.97437,0.0000,0.0000,0.0000,1940.2469,1553.2213,20.0000,0.0000,0.0000,323.0867,878.1580,397.5733,341.4289,0.0000
"base",2040,44,432.0000,288.0000,1.5,0.0000,0.0000,0.0000,13122.3375,0.0000,0.0000,1757.7313,0.0000,4304.4711,7365.9022,1351.4771,250.0000,0.0000
"base",2040,45,16570.8150,5340.4763,22.7359,0.0000,0.0000,0.0000,1706.1639,2282.0936,375.0000,0.0000,0.0000,321.1481,531.0145,160.1942,693.8071,0.0000
"base",2040,46,39484.9154,12470.0588,24.3313,0.0000,0.0000,0.0000,4796.5970,6285.9816,498.0000,0.0000,0.0000,1114.4603,1338.7216,1044.1649,1299.2501,0.0000
"base",2040,47,24483.9848,7136.5743,22.5807,0.0000,0.0000,0.0000,2780.2680,4228.1883,124.0000,500.0000,0.0000,938.6399,519.4111,530.4227,791.7943,0.0000
"base",2040,48,23539.7000,6907.0000,19.6000,0.0000,0.0000,0.0000,15454.2175,7511.4673,0.0000,4948.2025,330.8089,1737.7437,3323.8401,8613.2051,1171.8251,277.1264
"base",2040,49,0.0000,0.0000,0.0000,0.0000,0.0000,0.0000,154.9515,1238.0000,0.0000,0.0000,0.0000,0.0000,0.0000,7.74757,139.4563,7.74757
"base",2040,5,2742.3399,1213.3142,18.5073,0.0000,0.0000,0.0000,8143.8113,41.0000,266.0000,0.0000,27.1818,4226.3706,2290.3779,1067.5799,532.3009,0.0000
"base",2040,50,19720.9336,8330.7806,17.0941,0.0000,0.0000,0.0000,4083.4346,4440.1021,179.0000,4564.1698,0.0000,722.1687,790.4648,950.7602,1620.0408,0.0000
"base",2040,51,0.0000,0.0000,0.0000,0.0000,0.0000,0.0000,23097.9556,0.0000,0.0000,0.0000,5468.5308,629.1697,16659.1877,67.6409,273.4265,0.0000
"base",2040,52,32887.9535,6386.8531,44.4723,0.0000,0.0000,0.0000,5755.3784,10899.7922,4308.4710,0.0000,19.1137,1371.1277,1463.6248,1115.6273,1785.8849,0.0000
"base",2040,53,57159.0298,10342.1025,76.8005,0.0000,0.0000,0.0000,13793.3616,26736.5698,13553.6891,0.0000,705.5426,3361.6413,4042.1912,1839.6728,3844.3138,0.0000
"base",2040,54,29976.8099,6695.1146,31.6151,0.0000,0.0000,0.0000,4132.7287,10973.9613,3654.2130,0.0000,110.2666,852.9023,847.6192,619.3477,1702.5928,0.0000
"base",2040,55,1792.0541,486.3000,18.1580,0.0000,0.0000,0.0000,30255.5711,2053.2554,1039.0000,0.0000,3054.7679,4726.8711,20058.4432,1927.8349,487.6541,0.0000
"base",2040,56,19997.9984,4543.2550,21.7234,0.0000,0.0000,0.0000,3422.6164,8326.5012,4050.0270,0.0000,0.0000,281.8166,677.7886,745.0995,1718.0193,0.0000
"base",2040,57,2805.5718,869.9750,6.41695,0.0000,0.0000,0.0000,616.9229,144.0371,0.0000,0.0000,46.7994,186.0420,165.6603,110.7338,21.5375,86.1499
"base",2040,58,22483.0114,4094.2084,42.1922,0.0000,0.0000,0.0000,2958.0806,5189.9828,787.1760,0.0000,13.0639,663.1656,433.6843,519.9660,1328.2008,0.0000
"base",2040,59,38369.8450,6913.0488,38.9796,0.0000,0.0000,0.0000,4404.2410,13791.4166,4898.9889,0.0000,0.0000,517.9564,735.4715,799.6587,2351.1544,0.0000
"base",2040,6,11419.2830,6516.9284,19.2061,0.0000,0.0000,0.0000,8711.1989,3340.8210,177.0000,386.1447,0.0000,1587.6913,4696.7691,1721.2802,705.4583,0.0000
"base",2040,60,26894.4789,3987.7303,33.2960,0.0000,0.0000,0.0000,2944.8090,10789.5320,2301.0148,0.0000,0.0000,441.7213,294.4809,441.7213,1766.8854,0.0000
"base",2040,61,22943.0540,4223.3587,32.3032,0.0000,0.0000,0.0000,2975.6440,7459.6326,190.0000,0.0000,0.0000,345.1051,1264.5630,284.0396,1081.9363,0.0000
"base",2040,62,6746.2114,1021.1742,13.2200,0.0000,0.0000,0.0000,487.6256,2490.4439,979.8537,0.0000,0.0000,116.7517,48.4029,25.0926,297.3784,0.0000
"base",2040,63,24602.2962,7554.2761,30.2098,0.0000,0.0000,0.0000,1489.9476,4031.2137,0.0000,0.0000,18.2534,129.9892,423.7779,238.6941,679.2330,0.0000
"base",2040,64,25275.6160,7342.4843,34.7366,0.0000,0.0000,0.0000,3163.8724,4609.0796,20.0000,0.0000,25.2853,590.5525,823.0643,756.1522,968.8181,0.0000
"base",2040,65,87585.3648,16843.3394,15.6000,0.0000,0.0000,0.0000,3296.2333,7922.4799,0.0000,0.0000,96.1847,765.4908,489.1424,503.5190,1441.8965,0.0000
"base",2040,66,58245.0824,13827.5814,47.6616,0.0000,0.0000,0.0000,10079.4626,19985.1639,261.9500,0.0000,213.3541,1383.9274,5423.6176,1095.5045,1963.0590,0.0000
"base",2040,67,52163.7722,13040.9431,36.0000,0.0000,0.0000,0.0000,5340.8214,16184.5442,0.0000,3828.8447,25.6654,684.7400,978.5035,2162.7884,1489.1241,0.0000
"base",2040,68,1102.0000,290.0000,7.6,0.0000,0.0000,0.0000,15029.6921,644.0000,0.0000,0.0000,13742.6646,536.6051,163.4820,157.7202,429.2201,0.0000
"base",2040,69,84837.7965,12878.8302,13.1817,0.0000,0.0000,0.0000,3032.7586,11082.9749,0.0000,0.0000,303.2759,828.9088,399.3245,399.3245,1101.9249,0.0000
"base",2040,7,1580.3466,701.4154,4.92224,0.0000,0.0000,0.0000,26040.5704,2268.9254,24.0000,8249.5828,0.0000,902.6207,16583.8691,6224.4089,1332.2397,0.0000
"base",2040,70,0.0000,0.0000,0.0000,0.0000,0.0000,0.0000,0.0000,0.0000,0.0000,0.0000,0.0000,0.0000,0.0000,0.0000,0.0000,0.0000
"base",2040,71,79730.7758,20683.3786,92.1146,819.7507,0.0000,59.1564,15532.0629,23339.5299,311.0000,0.0000,5742.0000,3068.7675,1766.1166,2366.5857,2457.8218,0.0000
"base",2040,72,57505.1784,0.0000,0.0000,0.0000,0.0000,0.0000,0.0000,0.0000,0.0000,0.0000,0.0000,0.0000,0.0000,0.0000,0.0000,0.0000
"base",2040,73,310962.5884,0.0000,0.0000,0.0000,0.0000,0.0000,0.0000,0.0000,0.0000,0.0000,0.0000,0.0000,0.0000,0.0000,0.0000,0.0000
"base",2040,74,86799.9382,16844.0254,51.1793,3368.8051,1815.0940,2108.9414,7292.8405,31634.1214,1825.9683,2529.5789,374.9401,1823.7694,1396.9032,1601.8748,2108.9414,0.0000
"base",2040,75,68367.2016,10551.5237,78.0049,2110.3047,3500.0000,1998.8650,7609.1697,29982.9744,6477.5135,0.0000,1050.0000,1871.8339,1830.8177,859.2538,1998.8650,0.0000
"base",2040,76,73127.3702,18373.2799,58.2970,260.8924,0.0000,98.7611,11726.8707,18158.4289,771.5202,0.0000,1069.3151,3426.0178,3071.4735,1025.4458,2334.4671,801.8061
"base",2040,77,47099.1499,13532.2898,67.7239,0.0000,0.0000,0.0000,7440.8403,11198.2385,106.0000,0.0000,47.7266,1979.8048,2592.6857,1708.0300,1088.5708,0.0000
"base",2040,78,29845.2605,6826.3086,31.8630,1531.2515,0.0000,662.4932,2193.7446,9937.3979,0.0000,0.0000,0.0000,591.1779,374.7585,563.9564,662.4932,0.0000
"base",2040,79,101710.4297,18783.2186,67.1000,4263.0699,2381.1339,2467.0790,9111.2828,37006.1854,1646.7620,0.0000,617.6010,2076.4745,1755.7224,2175.9193,2467.0790,29.0285
"base",2040,8,3925.4271,1367.2771,12.3455,0.0000,0.0000,0.0000,23144.8871,301.0000,31.0328,0.0000,0.0000,5577.7141,14743.1287,1495.9532,8.62034,0.0000
"base",2040,80,292136.1036,1460.7692,5.6,365.1923,0.0000,252.3200,962.8939,3784.8001,796.6443,0.0000,0.0000,146.1246,74.1015,489.4877,252.3200,0.0000
"base",2040,82,14979.8271,2731.7667,16.4000,639.0359,0.0000,348.8955,987.9313,5233.4319,1032.5080,0.0000,62.8186,183.2451,191.9355,180.2054,348.8955,21.5118
"base",2040,83,648291.9808,0.0000,0.0000,0.0000,0.0000,0.0000,0.0000,0.0000,0.0000,0.0000,0.0000,0.0000,0.0000,0.0000,0.0000,0.0000
"base",2040,84,18074.2000,4467.0000,11.6562,0.0000,0.0000,0.0000,1475.4010,1130.2928,0.0000,0.0000,179.8668,292.7277,322.6058,107.9810,203.9594,368.2604
"base",2040,85,358606.9280,63907.4400,309.5000,0.0000,0.0000,0.0000,64594.6502,138132.5179,16858.2404,0.0000,7174.5314,10737.2784,24261.1198,12829.1807,9550.1258,42.4141
"base",2040,86,24951.7000,6460.0000,26.7396,190.0000,610.3516,83.9340,13226.7285,9020.2866,17.0000,0.0000,7994.3864,2055.9986,896.1696,446.9572,993.4092,844.1557
"base",2040,87,177558.9852,50288.3249,83.5838,1340.4000,0.0000,910.9110,15437.8963,53306.1686,144.0000,0.0000,916.1433,4122.3334,2509.2038,2021.0863,5795.7513,73.2200
"base",2040,88,114524.3314,17746.4968,62.6182,4526.6242,250.0000,2597.4369,7374.0611,51226.9389,9420.3448,0.0000,221.3268,1787.5699,1251.6196,1514.1919,3415.1293,0.0000
"base",2040,89,28656.9789,5177.3846,16.6000,1149.4509,0.0000,713.7515,1863.2024,10706.2732,0.0000,0.0000,95.3390,437.1989,345.3447,272.2781,713.7515,0.0000
"base",2040,9,9594.5671,5395.2989,19.0489,0.0000,0.0000,0.0000,7166.9992,1061.0741,1510.4285,516.8266,10.4403,3810.1981,2088.9609,664.5436,592.8562,0.0000
"base",2040,90,260794.6241,485.0123,4.3,161.6708,0.0000,39.1037,200.7745,586.5555,0.0000,0.0000,20.0774,52.2014,50.1936,40.1549,39.1037,0.0000
"base",2040,91,170948.2727,38068.8038,78.5000,8194.0820,19345.1133,3585.5005,31124.6959,53782.5078,967.3416,19144.2234,8957.3092,6769.4745,8762.9558,3058.7028,3585.5005,0.0000
"base",2040,92,573721.2079,0.0000,0.0000,0.0000,0.0000,0.0000,0.0000,0.0000,0.0000,0.0000,0.0000,0.0000,0.0000,0.0000,0.0000,0.0000
"base",2040,93,15286.4443,2351.7607,6.5,470.3521,0.0000,325.8568,796.2090,4887.8526,0.0000,0.0000,0.0000,111.4693,119.4313,159.2418,325.8568,79.6209
"base",2040,94,506131.2797,0.0000,0.0000,0.0000,0.0000,0.0000,0.0000,0.0000,0.0000,0.0000,0.0000,0.0000,0.0000,0.0000,0.0000,0.0000
"base",2040,95,7507.3391,1863.8937,7.8,112.1877,1610.5100,171.8640,1894.5616,2577.9593,0.0000,0.0000,277.1696,642.0526,596.4392,196.4708,171.8640,14.0293
"base",2040,96,524247.9028,0.0000,0.0000,0.0000,0.0000,0.0000,0.0000,0.0000,0.0000,0.0000,0.0000,0.0000,0.0000,0.0000,0.0000,0.0000
"base",2040,97,10450.1363,2420.8498,13.2000,806.9499,0.0000,238.5860,1045.5359,3578.7899,0.0000,0.0000,118.5199,104.5536,156.8304,156.8304,238.5860,268.3671
"base",2040,98,73160.9898,0.0000,0.0000,0.0000,0.0000,0.0000,0.0000,0.0000,0.0000,0.0000,0.0000,0.0000,0.0000,0.0000,0.0000,0.0000
"base",2040,99,467207.3011,0.0000,0.0000,0.0000,0.0000,0.0000,0.0000,0.0000,0.0000,0.0000,0.0000,0.0000,0.0000,0.0000,0.0000,0.0000
