taz,superzone,pop_conv,emp_conv,pop_trends,emp_trends,pop_focus,emp_focus,pop_tama70,emp_tama70
1101,תל אביב -יפו,17565,7240,17928,5551,17565,7239,18089,10786
1102,תל אביב -יפו,2560,6662,2613,5107,2560,6660,2866,8320
1103,תל אביב -יפו,5619,2599,5736,1992,5619,2598,7904,5514
1104,תל אביב -יפו,4413,287,4505,220,4413,287,6086,941
1105,תל אביב -יפו,7513,1343,7669,1030,7513,1343,9113,2253
1106,תל אביב -יפו,5207,4167,5315,3195,5207,4167,6358,7042
1107,תל אביב -יפו,5072,2248,3860,1211,5072,2248,6394,3155
1108,תל אביב -יפו,1883,664,1922,508,1883,664,2320,1131
1109,תל אביב -יפו,1255,975,1281,747,1255,975,1837,1758
1110,תל אביב -יפו,5633,2246,5749,1723,5633,2245,7536,4110
1111,תל אביב -יפו,17214,3054,17570,2341,17214,3053,22183,6694
1112,תל אביב -יפו,3905,1102,3997,850,3905,1102,6287,3113
1113,תל אביב -יפו,6450,1443,6583,1106,6450,1443,8294,2260
1114,תל אביב -יפו,562,8436,574,6468,562,8435,569,6876
1115,תל אביב -יפו,5423,1778,5535,1362,5423,1777,5543,1635
1116,תל אביב -יפו,3971,20509,3024,18926,3971,20506,5485,30559
1117,תל אביב -יפו,0,2871,0,2201,0,2871,0,5963
1118,תל אביב -יפו,4858,2640,4958,2025,4858,2640,6513,3333
1119,תל אביב -יפו,5754,4662,5873,3575,5754,4661,7805,6986
1120,תל אביב -יפו,10058,5572,10266,4273,10058,5571,15053,11589
1121,תל אביב -יפו,0,1643,0,1313,0,1643,0,3485
1122,תל אביב -יפו,0,573,0,438,0,573,0,1124
1123,תל אביב -יפו,7398,1833,7551,1406,7398,1833,8788,3075
1124,תל אביב -יפו,2270,1915,2317,1468,2270,1915,2546,2516
1125,תל אביב -יפו,0,2431,0,1865,0,2431,0,3529
1126,תל אביב -יפו,0,1026,0,785,0,1026,0,2061
1201,תל אביב -יפו,395,524,404,402,395,523,551,1041
1202,תל אביב -יפו,5770,1247,5890,956,5770,1246,7987,2480
1203,תל אביב -יפו,6148,1075,6275,825,6148,1075,7769,1863
1204,תל אביב -יפו,6128,1134,6255,870,6128,1134,7851,1667
1205,תל אביב -יפו,2713,2091,2769,1604,2713,2090,3904,4167
1206,תל אביב -יפו,6487,2556,6621,1960,6487,2555,7533,3890
1207,תל אביב -יפו,7290,1812,7440,1390,7290,1812,8036,2356
1208,תל אביב -יפו,7476,3365,7631,2581,7476,3365,10356,6476
1209,תל אביב -יפו,4081,1485,4166,1138,4081,1485,5887,2968
1210,תל אביב -יפו,4623,5802,4719,4449,4623,5802,6016,9920
1211,תל אביב -יפו,4212,2322,4299,1781,4212,2322,5854,4216
1212,תל אביב -יפו,5249,2505,5357,1921,5249,2505,6333,3795
1213,תל אביב -יפו,3079,4849,3143,3718,3079,4848,3704,5889
1214,תל אביב -יפו,1649,17160,538,14685,1649,17159,2332,19541
1215,תל אביב -יפו,4355,6474,1739,5427,4355,6473,5646,16195
1216,תל אביב -יפו,0,15894,0,13917,0,15890,0,28162
1217,תל אביב -יפו,2500,4716,2552,3616,2500,4716,3414,5289
1218,תל אביב -יפו,3351,1080,3420,829,3351,1080,4303,2229
1220,תל אביב -יפו,8793,2241,8975,1719,8793,2240,12098,4392
1301,תל אביב -יפו,0,2145,0,1897,0,2145,0,3015
1302,תל אביב -יפו,5247,2342,5355,1796,5247,2342,6521,3211
1303,תל אביב -יפו,2545,1130,2597,866,2545,1130,3670,2259
1304,תל אביב -יפו,2109,1148,2152,880,2109,1148,2997,2242
1305,תל אביב -יפו,2596,2350,2650,1802,2596,2350,3707,4627
1306,תל אביב -יפו,3438,3536,3509,2713,3438,3536,4959,7075
1307,תל אביב -יפו,918,4661,974,3942,918,4659,1464,8910
1308,תל אביב -יפו,3046,1457,3153,1239,3046,1457,3375,1668
1309,תל אביב -יפו,2339,1890,2387,1449,2339,1890,2270,1832
1310,תל אביב -יפו,2046,1684,2088,1291,2046,1684,1690,1073
1311,תל אביב -יפו,3826,1331,3767,1074,3826,1331,3710,1575
1312,תל אביב -יפו,5204,3225,5312,2473,5204,3225,4282,2950
1313,תל אביב -יפו,4678,3490,4774,2677,4678,3490,6211,6258
1314,תל אביב -יפו,2232,7308,2198,5897,2232,7307,2182,9019
1315,תל אביב -יפו,3191,1969,3058,1546,3191,1969,3152,2109
1316,תל אביב -יפו,1712,1001,1685,808,1712,1001,1660,1223
1317,תל אביב -יפו,1339,838,1283,659,1339,838,1337,698
1318,תל אביב -יפו,2113,1782,2080,1438,2113,1782,2049,1996
1319,תל אביב -יפו,2237,750,2202,605,2237,750,2169,837
1320,תל אביב -יפו,2417,2553,2315,2004,2417,2553,2433,1928
1321,תל אביב -יפו,1556,940,1532,758,1556,940,1509,1161
1322,תל אביב -יפו,2025,3060,1940,2403,2025,3059,2021,2519
1323,תל אביב -יפו,2293,1020,2258,823,2293,1020,2224,1265
1324,תל אביב -יפו,2045,1196,2207,1058,2045,1196,2178,1738
1325,תל אביב -יפו,2322,1227,2225,964,2322,1227,2234,1362
1326,תל אביב -יפו,1456,2496,1571,2208,1456,2496,2048,3504
1327,תל אביב -יפו,612,1067,660,944,612,1067,799,1443
1328,תל אביב -יפו,2165,5007,2075,3932,2165,5005,2214,4857
1329,תל אביב -יפו,2771,1423,2655,1118,2771,1423,2850,1623
1330,תל אביב -יפו,2450,3488,2347,2739,2450,3488,2552,3949
1401,תל אביב -יפו,6432,1474,6565,1131,6432,1473,8100,2369
1403,תל אביב -יפו,9110,2309,9298,1770,9110,2308,8292,1980
1404,תל אביב -יפו,4713,2067,4810,1585,4713,2066,4248,1733
1405,תל אביב -יפו,3862,1280,3942,981,3862,1279,5095,2096
1406,תל אביב -יפו,5005,3345,5108,2564,5005,3344,5916,4357
1407,תל אביב -יפו,3993,5665,4076,4345,3993,5664,3005,4610
1408,תל אביב -יפו,3438,2464,3509,1891,3438,2464,4374,4219
1409,תל אביב -יפו,2503,4328,2555,3319,2503,4328,2264,3767
1410,תל אביב -יפו,4275,1479,4363,1134,4275,1478,5550,2502
1411,תל אביב -יפו,4565,2079,4660,1594,4565,2079,3965,1763
1412,תל אביב -יפו,5137,4619,5243,3542,5137,4619,4407,3548
1413,תל אביב -יפו,4637,1207,5189,1077,4637,1131,3380,923
1414,תל אביב -יפו,603,7367,713,7592,603,6417,375,3923
1415,תל אביב -יפו,2674,1814,2729,1390,2674,1813,2686,2072
1416,תל אביב -יפו,1116,6465,1116,5722,1116,6464,1204,8832
1417,תל אביב -יפו,74,5162,87,5319,74,4541,57,6022
1418,תל אביב -יפו,34,5271,40,5433,34,4593,31,7797
1419,תל אביב -יפו,5261,4661,5370,3574,5261,4661,5543,5489
1420,תל אביב -יפו,3913,4155,3994,3186,3913,4154,4531,5772
1421,תל אביב -יפו,3644,4092,3719,3138,3644,4091,3206,3493
1501,תל אביב -יפו,3332,3448,3478,2794,3332,3448,3572,4150
1502,תל אביב -יפו,1856,6943,2003,6141,1856,6942,2703,9223
1503,תל אביב -יפו,2485,2044,2381,1605,2485,2043,2559,2363
1504,תל אביב -יפו,3530,2623,3382,2060,3530,2622,3850,3041
1505,תל אביב -יפו,3085,1426,2956,1120,3085,1426,3262,1527
1506,תל אביב -יפו,3992,1226,3824,962,3992,1225,4115,1402
1507,תל אביב -יפו,3658,2355,3505,1849,3658,2355,3856,2648
1508,תל אביב -יפו,2707,3013,3201,3105,2707,2625,2633,2920
1509,תל אביב -יפו,1150,693,1102,546,1150,693,1194,3056
1510,תל אביב -יפו,4748,1820,4549,1430,4748,1820,4971,2094
1511,תל אביב -יפו,2241,1435,2147,1127,2241,1435,2424,1659
1512,תל אביב -יפו,916,2742,1084,2825,916,2389,1125,3122
1513,תל אביב -יפו,784,1403,927,1446,784,1222,837,1676
1514,תל אביב -יפו,1029,2102,986,1651,1029,2102,1196,2409
1515,תל אביב -יפו,458,9422,542,9709,458,8208,579,11079
1516,תל אביב -יפו,364,1999,349,1569,364,1998,494,2219
1517,תל אביב -יפו,971,1518,1148,1565,971,1323,1209,1796
1518,תל אביב -יפו,1496,4549,1527,3488,1496,4548,1815,3354
1519,תל אביב -יפו,2569,5159,2605,4329,2569,5158,2810,5392
1520,תל אביב -יפו,2945,929,3005,712,2945,929,3747,951
1521,תל אביב -יפו,584,6469,588,7207,584,6469,576,20860
1522,תל אביב -יפו,0,604,0,464,0,604,0,1189
1523,תל אביב -יפו,1059,1355,1068,1355,1059,1355,1293,2142
1524,תל אביב -יפו,4857,6914,4957,5301,4857,6912,6137,6530
1525,תל אביב -יפו,1468,15332,1736,15799,1468,13356,1998,17071
1526,תל אביב -יפו,957,13332,1131,13738,957,11613,1487,14302
1527,תל אביב -יפו,229,3848,271,3966,229,3352,318,3942
1601,תל אביב -יפו,2496,9092,2952,9369,2496,7920,2174,8208
1602,תל אביב -יפו,385,3737,455,3852,385,3256,407,4050
1603,תל אביב -יפו,2104,15530,2487,16004,2104,13528,1851,15246
1604,תל אביב -יפו,1174,11600,1388,11954,1174,10105,1294,12784
1605,תל אביב -יפו,1786,14228,2112,14662,1786,12395,1933,15428
1606,תל אביב -יפו,149,17892,176,18438,149,15586,161,19238
1607,תל אביב -יפו,2209,7098,2612,7315,2209,6184,2543,7835
1608,תל אביב -יפו,103,10986,122,11320,103,9570,182,13907
1609,תל אביב -יפו,4098,10022,4845,10327,4098,8730,4930,11091
1610,תל אביב -יפו,941,800,1113,824,941,697,812,786
1611,תל אביב -יפו,3474,11762,4107,12121,3474,10246,3152,12036
1612,תל אביב -יפו,3418,12897,4041,13291,3418,11235,3288,13257
1613,תל אביב -יפו,215,9713,254,10009,215,8461,331,11032
1701,תל אביב -יפו,2870,5606,2978,6426,2870,5604,3219,5307
1702,תל אביב -יפו,5788,5460,5945,4899,5788,5460,6077,4791
1703,תל אביב -יפו,2539,6835,2634,7837,2539,6834,2941,6967
1704,תל אביב -יפו,4921,4500,5023,3450,4921,4499,5145,5678
1705,תל אביב -יפו,3493,2290,3566,1755,3493,2289,4696,3954
1706,תל אביב -יפו,2622,3560,2328,4182,2622,3560,3681,5318
1707,תל אביב -יפו,1181,363,1112,356,1181,363,1423,676
1708,תל אביב -יפו,2465,544,2516,417,2465,543,3555,1087
1709,תל אביב -יפו,5428,1257,5541,964,5428,1257,6979,2288
1710,תל אביב -יפו,4337,2134,4427,1636,4337,2134,5048,4153
1711,תל אביב -יפו,4294,1628,4382,1249,4294,1628,5012,3334
1712,תל אביב -יפו,2239,10276,2300,9221,2239,10275,2834,16234
1713,תל אביב -יפו,0,2387,0,10185,0,2386,0,2945
1714,תל אביב -יפו,6017,862,6141,661,6017,862,7344,1870
1715,תל אביב -יפו,4959,1904,5062,1459,4959,1904,6512,3934
1716,תל אביב -יפו,8491,2446,8666,1875,8491,2445,10443,5471
1717,תל אביב -יפו,3675,1337,3751,1026,3675,1337,4608,2823
1718,תל אביב -יפו,5051,710,5156,545,5051,710,6339,1758
1719,תל אביב -יפו,1558,105,1590,81,1558,105,2247,212
1720,תל אביב -יפו,1746,624,1783,478,1746,624,2519,1247
1721,תל אביב -יפו,1454,482,1484,370,1454,482,2098,964
1722,תל אביב -יפו,5763,662,5882,508,5763,662,8061,1747
1723,תל אביב -יפו,3640,449,3715,345,3640,449,5005,1436
1724,תל אביב -יפו,3374,385,3444,295,3374,385,4641,1272
1725,תל אביב -יפו,5615,860,5732,660,5615,860,7392,2453
1726,תל אביב -יפו,0,608,0,598,0,608,0,527
1727,תל אביב -יפו,0,546,0,2329,0,545,0,643
1801,תל אביב -יפו,2701,4464,2757,3423,2701,4464,3274,6056
1802,תל אביב -יפו,891,3565,909,2733,891,3565,1038,2391
1803,תל אביב -יפו,2187,2652,2232,2034,2187,2651,3038,1797
1804,תל אביב -יפו,1079,9877,1190,8566,1079,9391,1464,14577
1805,תל אביב -יפו,1944,5424,2144,4704,1944,5158,3006,6429
1806,תל אביב -יפו,675,2637,798,2717,675,2296,977,3112
1807,תל אביב -יפו,898,9657,1019,8906,898,8923,1491,8336
1808,תל אביב -יפו,4517,2254,4611,1729,4517,2253,5976,2737
1809,תל אביב -יפו,2321,3758,2369,2881,2321,3758,2722,2757
1810,תל אביב -יפו,0,6341,0,9467,0,6341,0,6952
1811,תל אביב -יפו,1675,5444,1721,4885,1675,5443,2441,6417
1812,תל אביב -יפו,2512,2146,2564,1645,2512,2146,3240,3020
1813,תל אביב -יפו,6360,2920,6492,2240,6360,2920,6525,2541
1814,תל אביב -יפו,1513,942,1544,722,1513,942,2184,1901
1815,תל אביב -יפו,5397,1087,5509,833,5397,1086,7905,2502
1816,תל אביב -יפו,2557,544,2610,417,2557,544,3816,1253
1817,תל אביב -יפו,1520,957,1652,807,1520,920,2103,1769
1818,תל אביב -יפו,5661,2465,5778,1890,5661,2465,9036,5745
1901,תל אביב -יפו,5394,4182,5640,3314,5394,4128,6942,7308
1902,תל אביב -יפו,469,6768,555,6975,469,5896,579,7974
1903,תל אביב -יפו,4484,8613,5302,8876,4484,7503,5133,11364
1904,תל אביב -יפו,4507,7494,4713,5940,4507,7399,6063,9742
1905,תל אביב -יפו,1955,984,1995,754,1955,984,2820,1969
1906,תל אביב -יפו,2774,966,2831,740,2774,966,4001,1933
1907,תל אביב -יפו,2769,945,2826,725,2769,944,3896,1638
1908,תל אביב -יפו,1212,410,1237,316,1212,410,2954,871
1909,תל אביב -יפו,2499,8407,2955,8664,2499,7324,3376,10905
1910,תל אביב -יפו,516,5698,611,5871,516,4963,1081,9488
1911,תל אביב -יפו,3131,1647,3196,1263,3131,1647,3919,2228
1912,תל אביב -יפו,1582,13639,1615,13503,1582,12150,3130,21549
1913,תל אביב -יפו,10138,3004,10348,2302,10138,3003,18894,5801
1914,תל אביב -יפו,6122,2904,6249,2226,6122,2903,7691,5253
1915,תל אביב -יפו,4413,436,4504,335,4413,436,6365,873
1916,תל אביב -יפו,286,1798,286,1378,286,1797,286,3562
1917,רמת גן-גבעתיים,2740,356,2797,273,2740,356,3953,711
1919,רמת גן-גבעתיים,2082,531,2125,408,2082,531,1876,310
1920,תל אביב -יפו,4633,458,4729,351,4633,458,6463,896
1921,תל אביב -יפו,3741,1203,3818,923,3741,1203,5251,2364
1922,תל אביב -יפו,2044,597,2086,457,2044,597,3529,1998
1923,תל אביב -יפו,6350,918,6481,702,6350,918,9076,1824
1924,תל אביב -יפו,361,1957,368,1500,361,1956,440,3548
1925,תל אביב -יפו,7846,1264,8008,969,7846,1264,10317,2398
1926,תל אביב -יפו,3001,718,3063,551,3001,718,3635,1617
1927,תל אביב -יפו,4265,1246,4353,955,4265,1246,5371,2868
1928,תל אביב -יפו,963,561,983,431,963,561,1353,1190
1929,תל אביב -יפו,3458,1722,3530,1321,3458,1722,5193,2017
1930,תל אביב -יפו,2153,2151,2198,1649,2153,2151,3207,2548
1931,תל אביב -יפו,2291,707,2338,543,2291,707,3431,1173
1932,תל אביב -יפו,2304,345,2352,265,2304,345,3330,696
1933,תל אביב -יפו,4758,696,4857,533,4758,696,6864,1392
1934,תל אביב -יפו,9996,2293,10203,1758,9996,2293,14419,4587
1935,תל אביב -יפו,6488,568,6623,436,6488,568,9359,1137
1936,תל אביב -יפו,6948,1122,7091,860,6948,1122,10022,2244
1937,תל אביב -יפו,6926,894,7069,686,6926,894,9990,1789
1939,תל אביב -יפו,11222,4558,11455,3495,11222,4558,16232,9214
2001,הרצלייה,5590,1606,3534,1008,5590,1606,6778,2106
2002,הרצלייה,3079,1346,1946,871,3079,1346,3733,1764
2003,הרצלייה,2594,517,1640,325,2594,517,3145,679
2004,הרצלייה,7827,2703,4948,1697,7827,2703,9212,4319
2005,הרצלייה,4510,2368,4371,1836,4510,2368,5468,3104
2006,הרצלייה,0,1944,0,1672,0,1944,0,2590
2007,הרצלייה,4209,1025,2709,674,4209,1025,5219,1860
2008,הרצלייה,3579,638,3536,469,3579,638,3988,1097
2009,הרצלייה,9013,3188,5697,2002,9013,3188,9478,5701
2010,הרצלייה,5145,1632,3396,1026,5145,1632,5736,2323
2011,הרצלייה,4937,1111,4636,797,4937,1111,5986,1456
2012,הרצלייה,3210,314,3172,213,3210,314,3900,382
2013,הרצלייה,4210,2836,3988,1938,4210,2836,4937,3232
2014,הרצלייה,3056,595,3019,442,3056,595,3706,773
2015,הרצלייה,3183,2044,3079,1608,3183,2044,3816,2306
2016,הרצלייה,3379,2191,3303,1723,3379,2191,4084,2410
2017,הרצלייה,5809,851,5630,598,5809,851,7021,1126
2018,הרצלייה,3608,651,3497,470,3608,651,4375,854
2019,הרצלייה,0,141,0,122,0,141,0,206
2020,הרצלייה,3800,1717,3683,1324,3800,1717,4413,2128
2021,הרצלייה,0,8034,0,4860,0,8034,0,18954
2022,הרצלייה,2831,1044,2744,797,2831,1044,6492,1310
2023,הרצלייה,3798,5699,3681,3578,3798,5699,4424,7000
2024,הרצלייה,0,1152,0,799,0,1152,0,1815
2025,הרצלייה,8013,9309,3374,5660,8013,9309,12416,11954
2026,הרצלייה,0,13344,0,7905,0,13344,0,17294
2027,הרצלייה,0,17816,0,12406,0,17816,0,25552
2028,הרצלייה,0,2642,0,2391,0,2642,0,3933
2029,הרצלייה,2992,777,2780,584,2992,777,3635,1041
2030,הרצלייה,4059,692,3851,498,4059,692,4902,876
2031,הרצלייה,5139,3782,4216,3432,5139,3782,7296,4622
2032,הרצלייה,2260,2439,1854,2215,2260,2439,2585,2341
2033,הרצלייה,5638,1583,5341,1210,5638,1583,6746,1963
2034,הרצלייה,4713,1056,4404,754,4713,1056,5715,1385
2035,הרצלייה,6176,2085,3905,1310,6176,2085,7489,2735
2036,הרצלייה,7730,2531,1772,564,7730,2531,7398,2709
2037,הרצלייה,4828,1931,4770,1494,4828,1931,6800,3245
2038,הרצלייה,5741,1302,5438,983,5741,1302,7191,2000
2039,הרצלייה,3822,923,3697,697,3822,923,4827,1421
2040,הרצלייה,3875,1342,3401,996,3875,1342,4848,2004
2041,הרצלייה,5121,1333,1702,963,5121,1333,5815,2127
2042,הרצלייה,4036,1220,2551,766,4036,1220,4104,1311
2043,הרצלייה,1769,2818,1118,1768,1769,2818,1309,2132
2044,הרצלייה,0,8583,0,5174,0,8583,0,8377
2045,הרצלייה,13448,4720,8500,2963,13448,4720,14879,6646
2046,הרצלייה,7551,5124,1923,1282,7551,5124,4975,4162
2047,רמת השרון,6664,2228,1843,607,6664,2228,7155,2613
2048,רמת השרון,4388,2648,1214,1197,4388,2648,6689,4174
2101,רמת השרון,121,2298,30,560,121,2298,150,1707
2102,רמת השרון,0,4246,0,1433,0,4246,0,4847
2103,רמת השרון,2438,1034,1894,658,2438,1034,3559,1535
2104,רמת השרון,3424,1504,2842,987,3424,1504,3088,1020
2105,רמת השרון,4260,2973,3768,1712,4260,2973,4162,2440
2106,רמת השרון,4572,1428,3996,942,4572,1428,6029,1935
2107,רמת השרון,16160,6270,3989,1516,16160,6270,12419,5141
2108,רמת השרון,15024,6058,4156,1648,15024,6058,22910,9552
2109,רמת השרון,4565,1531,4303,1287,4565,1531,5258,1726
2110,רמת השרון,4144,1688,3906,1432,4144,1688,4885,2073
2111,רמת השרון,3842,1535,3244,1009,3842,1535,3244,1009
2112,רמת השרון,1398,288,386,78,1398,288,2025,427
2113,רמת השרון,5854,1450,2566,558,5854,1450,7401,1820
2114,רמת השרון,1852,381,512,104,1852,381,1836,420
2115,רמת השרון,4748,1602,1286,424,4748,1602,8695,2752
2116,רמת השרון,4613,1495,1254,397,4613,1495,10561,3391
2117,רמת השרון,9345,3440,3450,923,9345,3440,15564,5554
2118,רמת השרון,0,1218,0,854,0,1218,0,1920
2119,רמת השרון,4063,1487,1124,405,4063,1487,6195,2345
2120,רמת השרון,5822,2915,5148,1978,5822,2915,8772,4534
2121,רמת השרון,3554,725,2628,389,3554,725,5419,1143
2122,רמת השרון,5604,1856,5028,1248,5604,1856,8545,2926
2123,רמת השרון,4475,633,3943,391,4475,633,6824,999
2125,רמת השרון,0,6498,0,1895,0,6498,0,10247
2126,רמת השרון,5077,1858,1405,507,5077,1858,7741,2931
2127,רמת השרון,1014,237,281,64,1014,237,1546,373
2201,בני ברק,10627,3181,14205,4219,10627,3181,10132,3965
2202,בני ברק,962,9768,1094,11263,962,9768,551,11894
2203,בני ברק,1215,7786,1326,8785,1215,7786,1138,9397
2204,בני ברק,8675,2282,11597,3026,8675,2282,6835,2274
2205,בני ברק,3378,550,4516,729,3378,550,3290,702
2206,בני ברק,4542,822,6072,1091,4542,822,4424,1050
2207,בני ברק,8533,1126,11406,1494,8533,1126,8206,1353
2208,בני ברק,151,5494,147,5922,151,5494,82,6582
2209,בני ברק,301,5540,293,5972,301,5540,368,5986
2210,בני ברק,470,7115,457,7670,470,7115,653,10721
2211,בני ברק,4855,1145,6490,1519,4855,1145,4691,1470
2212,בני ברק,7954,2085,10633,2765,7954,2085,7746,2655
2213,בני ברק,10732,1906,14347,2527,10732,1906,10414,2581
2214,בני ברק,9811,1990,13116,2640,9811,1990,9543,2592
2215,בני ברק,2148,1345,2871,1782,2148,1345,2082,1858
2216,בני ברק,9659,1640,12655,2175,9659,1640,9659,2168
2217,בני ברק,10160,2918,13582,3870,10160,2918,9549,3797
2218,בני ברק,10371,2112,8623,2109,10371,2132,7724,2486
2219,בני ברק,3786,774,5061,1027,3786,774,3485,1029
2220,בני ברק,12393,3063,16566,4061,12393,3063,12068,3910
2221,בני ברק,8936,1636,11765,2170,8936,1636,8936,2089
2222,בני ברק,2232,473,2984,628,2232,473,2174,605
2223,בני ברק,5422,2745,7248,3641,5422,2745,5280,3504
2224,בני ברק,4090,1109,5467,1471,4090,1109,4143,1514
2225,בני ברק,2982,570,3986,755,2982,570,2926,727
2226,בני ברק,6902,1846,9227,2449,6902,1846,6872,2358
2227,בני ברק,9341,2619,12487,3474,9341,2619,9208,3423
2228,בני ברק,6990,1219,9344,1617,6990,1219,6967,1557
2229,בני ברק,7943,3339,10544,4428,7943,3339,7943,4262
2230,בני ברק,5841,745,7809,990,5841,745,5729,982
2231,בני ברק,6987,835,9340,1108,6987,835,7023,1190
2232,בני ברק,3036,466,4058,618,3036,466,3030,674
2233,בני ברק,5461,557,7301,740,5461,557,5452,806
2234,בני ברק,7093,686,9481,910,7093,686,7079,915
2235,בני ברק,2672,7270,2709,5650,2672,7270,2312,8294
2236,בני ברק,287,3043,310,2687,287,3043,254,3615
2237,בני ברק,9767,1758,13057,2331,9767,1758,10768,2725
2238,בני ברק,7919,1018,10514,1348,7919,1018,8008,1492
2239,בני ברק,4042,1025,5403,1361,4042,1025,4037,1482
2240,בני ברק,6466,1218,8644,1616,6466,1218,6578,1689
2301,רמת גן-גבעתיים,984,1040,907,3073,984,889,1330,1566
2302,רמת גן-גבעתיים,9578,1139,8524,1100,9578,1146,8897,1381
2303,רמת גן-גבעתיים,8956,1925,7970,1860,8956,1938,7662,2080
2304,רמת גן-גבעתיים,3608,1002,3780,902,3608,1002,3633,866
2305,רמת גן-גבעתיים,5870,1232,5345,1177,5870,1237,5704,1250
2306,רמת גן-גבעתיים,3907,2655,3725,2486,3907,2664,3609,2781
2307,רמת גן-גבעתיים,12123,3010,11295,2847,12123,3023,12520,4122
2308,רמת גן-גבעתיים,9061,1560,7534,1558,9061,1575,9483,2074
2309,רמת גן-גבעתיים,11886,2644,10108,2611,11886,2667,15529,3890
2310,רמת גן-גבעתיים,4116,926,3580,904,4116,933,4362,1214
2311,רמת גן-גבעתיים,5657,660,4921,646,5657,666,6656,860
2312,רמת גן-גבעתיים,6852,3051,5961,2980,6852,3074,9428,4559
2313,רמת גן-גבעתיים,0,5324,0,5318,0,5376,0,7965
2314,רמת גן-גבעתיים,4746,1110,3946,1109,4746,1122,5697,1513
2315,רמת גן-גבעתיים,12273,2069,10205,2068,12273,2091,11739,2230
2316,רמת גן-גבעתיים,1373,4388,1141,4385,1373,4432,1268,3491
2317,רמת גן-גבעתיים,4318,873,3591,873,4318,882,5234,1156
2401,רמת גן-גבעתיים,0,5298,0,4881,0,5322,0,9216
2402,רמת גן-גבעתיים,6942,2134,5772,2131,6942,2155,9120,3192
2403,רמת גן-גבעתיים,6800,1392,5654,1390,6800,1406,8772,1941
2404,רמת גן-גבעתיים,3583,2740,4325,3464,3583,2740,3973,3450
2405,רמת גן-גבעתיים,7082,1059,5888,1058,7082,1070,9304,1584
2406,רמת גן-גבעתיים,4072,628,3386,628,4072,635,5349,941
2407,רמת גן-גבעתיים,5732,1066,4766,1064,5732,1076,6782,1527
2408,רמת גן-גבעתיים,2669,210,2219,210,2669,211,3507,314
2409,רמת גן-גבעתיים,4461,1512,3710,1510,4461,1527,5808,2235
2410,רמת גן-גבעתיים,0,21568,0,19698,0,18453,0,25068
2411,רמת גן-גבעתיים,0,22344,0,20498,0,19283,0,23058
2412,רמת גן-גבעתיים,2106,6491,1032,6036,2106,5747,4349,8808
2413,רמת גן-גבעתיים,1612,7359,1340,7351,1612,7431,1788,6696
2414,רמת גן-גבעתיים,5208,704,4330,703,5208,711,6299,992
2415,רמת גן-גבעתיים,5344,1107,4444,1106,5344,1118,6043,1558
2416,רמת גן-גבעתיים,7588,2469,6951,2384,7588,2481,9061,3169
2417,רמת גן-גבעתיים,3369,2423,3427,2266,3369,2423,4342,3117
2418,רמת גן-גבעתיים,6258,1620,5619,1575,6258,1629,8623,2354
2419,רמת גן-גבעתיים,2665,987,2711,922,2665,987,3618,1367
2420,רמת גן-גבעתיים,3222,747,2679,746,3222,754,4196,1109
2421,רמת גן-גבעתיים,4138,450,3440,449,4138,454,5087,693
2422,רמת גן-גבעתיים,3509,466,2918,466,3509,471,3395,785
2423,רמת גן-גבעתיים,5323,2952,4426,2949,5323,2980,6756,4421
2424,רמת גן-גבעתיים,4724,731,3928,730,4724,739,4599,935
2425,רמת גן-גבעתיים,4931,5737,4706,5468,4931,5753,5977,6388
2426,רמת גן-גבעתיים,3535,321,2982,354,3535,321,4117,343
2427,רמת גן-גבעתיים,1888,581,1633,785,1888,570,2377,547
2428,רמת גן-גבעתיים,8507,1315,7073,1314,8507,1329,8402,1953
2429,רמת גן-גבעתיים,5257,793,4371,793,5257,800,6311,1235
2430,רמת גן-גבעתיים,7442,655,6188,654,7442,661,7203,1103
2431,רמת גן-גבעתיים,7447,1126,6192,1126,7447,1137,7386,1757
2432,רמת גן-גבעתיים,4478,726,3723,725,4478,732,4196,1155
2433,רמת גן-גבעתיים,8113,882,6746,881,8113,890,10153,1312
2434,קרית אונו-אור יהודה,1936,5435,373,4852,1936,5435,3463,8176
2435,רמת גן-גבעתיים,4739,678,3940,677,4739,685,6226,1015
2436,רמת גן-גבעתיים,8484,517,7055,516,8484,522,11146,774
2437,רמת גן-גבעתיים,8862,1916,7369,1913,8862,1935,11643,2866
2438,רמת גן-גבעתיים,8350,694,6943,694,8350,701,10970,1039
2439,רמת גן-גבעתיים,6291,492,5231,491,6291,497,7826,762
2440,רמת גן-גבעתיים,6497,784,5402,783,6497,792,8514,1174
2441,רמת גן-גבעתיים,3182,596,2645,595,3182,602,3374,645
2442,רמת גן-גבעתיים,3182,596,2645,595,3182,602,3537,927
2443,רמת גן-גבעתיים,4701,581,3909,580,4701,586,5444,1087
2444,רמת גן-גבעתיים,7003,619,5823,619,7003,627,9113,1074
2445,קרית אונו-אור יהודה,4946,6078,4410,5059,4946,6078,7202,10149
2446,קרית אונו-אור יהודה,514,354,493,286,514,354,880,774
2447,קרית אונו-אור יהודה,802,345,802,277,802,345,1062,591
2448,קרית אונו-אור יהודה,8155,1950,6781,1948,8155,1968,5588,2240
2449,קרית אונו-אור יהודה,5571,1248,4289,535,5571,1248,8921,2219
2450,רמת גן-גבעתיים,1061,810,882,809,1061,818,1459,1440
2451,רמת גן-גבעתיים,3182,771,2645,771,3182,778,4117,1178
2452,רמת גן-גבעתיים,10390,1517,8639,1515,10390,1531,13650,2268
2453,רמת גן-גבעתיים,0,88,0,88,0,88,0,130
2454,קרית אונו-אור יהודה,16700,7921,13105,3762,16700,7921,23488,12929
2455,קרית אונו-אור יהודה,2225,14151,1743,7533,2225,14151,4143,15415
2456,קרית אונו-אור יהודה,16305,6885,12510,3240,16305,6885,20015,9585
2457,קרית אונו-אור יהודה,6672,2441,5119,1149,6672,2441,8578,3685
2458,קרית אונו-אור יהודה,11251,5619,13537,5298,11251,5619,13605,6887
2501,קרית אונו-אור יהודה,5117,495,5117,424,5117,495,6257,719
2502,קרית אונו-אור יהודה,5785,1775,5785,1381,5785,1775,7502,2748
2503,קרית אונו-אור יהודה,4419,2321,4419,1983,4419,2321,5911,3359
2504,קרית אונו-אור יהודה,3412,623,3412,1225,3412,623,5014,847
2505,קרית אונו-אור יהודה,4585,4266,4513,9155,4585,4266,7352,5806
2506,קרית אונו-אור יהודה,4037,1466,4037,1140,4037,1466,4563,1898
2507,קרית אונו-אור יהודה,4955,548,4955,405,4955,548,4955,600
2508,קרית אונו-אור יהודה,2123,272,2123,174,2123,272,2214,324
2509,קרית אונו-אור יהודה,1426,968,1232,627,1426,968,1833,1462
2510,קרית אונו-אור יהודה,4996,948,4391,628,4996,948,6393,1424
2511,קרית אונו-אור יהודה,3134,857,2404,404,3134,857,3953,1373
2601,קרית אונו-אור יהודה,5479,1743,2204,726,5479,1743,6465,2582
2602,קרית אונו-אור יהודה,1881,755,1762,608,1881,755,1762,773
2603,קרית אונו-אור יהודה,1416,4334,3195,6671,1416,4334,2185,7452
2604,קרית אונו-אור יהודה,1467,520,1322,405,1467,520,1362,609
2605,קרית אונו-אור יהודה,3330,678,3330,515,3330,678,3330,515
2606,קרית אונו-אור יהודה,2334,282,2323,154,2334,282,3101,489
2607,קרית אונו-אור יהודה,4543,1307,3486,615,4543,1307,6076,2526
2608,קרית אונו-אור יהודה,2208,387,1694,182,2208,387,2838,584
2609,קרית אונו-אור יהודה,4074,835,3465,480,4074,835,5237,1261
2610,קרית אונו-אור יהודה,7699,1086,7253,789,7699,1086,8316,1442
2611,קרית אונו-אור יהודה,2709,326,1770,224,2709,326,3384,359
2612,קרית אונו-אור יהודה,0,1637,0,663,0,1637,0,1172
2613,קרית אונו-אור יהודה,0,1638,0,663,0,1638,0,1922
2614,קרית אונו-אור יהודה,3315,1289,3299,995,3315,1289,4262,1946
2615,קרית אונו-אור יהודה,0,9256,0,6057,0,9256,0,13277
2616,קרית אונו-אור יהודה,7481,864,6817,407,7481,864,9617,1305
2618,קרית אונו-אור יהודה,0,4392,0,1736,0,4392,0,6099
2701,חולון-אזור,6195,8106,6527,7381,6195,8106,10191,12685
2702,חולון-אזור,3967,2091,4092,1990,3967,2091,5012,2736
2703,חולון-אזור,4640,1008,4906,955,4640,1008,5761,1301
2704,חולון-אזור,5273,723,5577,684,5273,723,5933,918
2801,חולון-אזור,386,160,386,157,386,160,435,205
2806,חולון-אזור,0,167,0,278,0,167,0,414
2807,חולון-אזור,5476,595,4491,566,5476,595,7793,1385
2808,חולון-אזור,0,5213,0,5131,0,5213,0,6614
2809,חולון-אזור,5488,652,5649,618,5488,652,8620,1549
2810,חולון-אזור,4533,220,4533,209,4533,220,7138,622
2811,חולון-אזור,4299,380,4299,377,4299,380,6611,1043
2812,חולון-אזור,3413,1916,3413,2102,3413,1916,5172,3122
2813,חולון-אזור,2301,11489,1350,11404,2301,11489,3993,15262
2814,חולון-אזור,2113,4182,1753,4078,2113,4182,3137,5318
2815,חולון-אזור,2436,853,2505,807,2436,853,3333,1302
2816,חולון-אזור,3495,1122,3545,1121,3495,1122,4824,1612
2817,חולון-אזור,3082,956,3111,978,3082,956,4318,1379
2818,חולון-אזור,2402,301,2470,286,2402,301,2907,389
2819,חולון-אזור,3777,2136,3835,2133,3777,2136,4940,2602
2820,חולון-אזור,1957,1119,1957,1333,1957,1119,2668,1258
2821,חולון-אזור,3507,1117,3507,1332,3507,1117,4813,1269
2822,חולון-אזור,2596,1564,2654,1523,2596,1564,3640,2435
2823,חולון-אזור,3951,582,4035,567,3951,582,6390,1430
2824,חולון-אזור,4642,548,4743,535,4642,548,7496,1323
2825,חולון-אזור,2634,415,2714,393,2634,415,4220,1001
2826,חולון-אזור,2368,384,2438,364,2368,384,3363,732
2827,חולון-אזור,3178,1634,2539,1210,3178,1634,3990,2076
2828,חולון-אזור,3993,442,4110,420,3993,442,5118,675
2829,חולון-אזור,4278,2873,4372,2796,4278,2873,5882,3888
2830,חולון-אזור,2070,880,2114,857,2070,880,2790,1251
2831,חולון-אזור,5347,1043,5344,1243,5347,1043,5813,1014
2832,חולון-אזור,2591,304,2591,362,2591,304,3103,411
2833,חולון-אזור,3159,491,3230,478,3159,491,3974,662
2834,חולון-אזור,3581,551,3657,536,3581,551,4325,709
2835,חולון-אזור,2411,467,2482,442,2411,467,3539,780
2836,חולון-אזור,5119,2044,5413,1937,5119,2044,5782,2754
2837,חולון-אזור,4556,914,4556,887,4556,914,6499,1567
2838,חולון-אזור,0,8493,0,8485,0,8493,0,10922
2839,חולון-אזור,0,2983,0,2980,0,2983,0,3284
2840,חולון-אזור,2161,147,2224,140,2161,147,4004,381
2841,חולון-אזור,2974,321,3059,304,2974,321,4286,706
2842,חולון-אזור,1636,128,1684,121,1636,128,2348,279
2843,חולון-אזור,1849,323,1904,307,1849,323,2554,648
2844,חולון-אזור,5987,1885,5987,1842,5987,1885,7071,2751
2845,חולון-אזור,11177,354,11177,340,11177,354,12899,509
2846,חולון-אזור,642,1062,642,1265,642,1062,645,1022
2847,חולון-אזור,3022,326,3071,325,3022,326,3978,423
2848,חולון-אזור,4261,927,4386,879,4261,927,5695,1320
2849,חולון-אזור,5948,1322,3971,820,5948,1322,7933,1899
2850,חולון-אזור,5132,1274,5427,1208,5132,1274,4196,925
2851,חולון-אזור,5017,487,5164,462,5017,487,5017,423
2852,חולון-אזור,4537,628,4670,596,4537,628,5280,821
2853,חולון-אזור,4327,544,4327,538,4327,544,4378,731
2854,חולון-אזור,12204,1209,12204,1172,12204,1209,12521,1607
2855,חולון-אזור,3349,724,3542,685,3349,724,3744,972
2856,חולון-אזור,4372,322,4500,307,4372,322,5363,487
2857,חולון-אזור,4479,297,4611,281,4479,297,5403,383
2858,חולון-אזור,2281,795,2344,754,2281,795,3203,1610
2859,חולון-אזור,3887,786,4083,745,3887,786,6440,2144
2860,חולון-אזור,4301,278,4549,264,4301,278,7338,758
2861,חולון-אזור,336,259,337,248,336,259,480,333
2862,חולון-אזור,0,6849,0,6843,0,6849,0,6976
2863,חולון-אזור,0,4908,0,4842,0,4908,0,5999
2864,חולון-אזור,0,11,0,11,0,11,0,18
2865,חולון-אזור,5373,2181,4992,2105,5373,2181,8530,2839
2866,חולון-אזור,3517,1200,3719,1138,3517,1200,4358,1544
2867,חולון-אזור,1378,255,1456,241,1378,255,1667,335
2868,חולון-אזור,5182,843,5338,798,5182,843,5428,1055
2869,חולון-אזור,6029,1017,6210,964,6029,1017,7151,1325
2870,חולון-אזור,3332,279,3429,264,3332,279,3642,315
2871,חולון-אזור,6058,1917,6406,1816,6058,1917,5003,1412
2872,חולון-אזור,12116,3823,12812,3623,12116,3823,11784,4052
2873,חולון-אזור,4131,1309,4368,1240,4131,1309,5371,1885
2874,חולון-אזור,8260,2611,8736,2475,8260,2611,11223,4144
2901,בת ים,4648,938,3080,444,4648,938,5594,1224
2902,בת ים,5547,1107,4101,760,5547,1107,8193,1740
2903,בת ים,4939,4008,4839,3159,4939,4008,7288,4017
2904,בת ים,5973,1079,4416,745,5973,1079,9054,1825
2905,בת ים,5903,1523,3912,918,5903,1523,7947,2320
2906,בת ים,6976,1033,3678,502,6976,1033,9040,1458
2907,בת ים,10142,1263,5123,559,10142,1263,13582,1901
2908,בת ים,5843,626,3084,273,5843,626,7405,869
2909,בת ים,3372,1213,3372,956,3372,1213,4890,1716
2910,בת ים,3197,746,3197,717,3197,746,4674,1164
2911,בת ים,3908,816,3908,788,3908,816,5208,1299
2912,בת ים,4202,859,4202,831,4202,859,6019,1281
2913,בת ים,3239,329,2306,230,3239,329,4462,508
2914,בת ים,5458,955,3617,588,5458,955,6433,1269
2915,בת ים,3738,952,2477,574,3738,952,4317,1239
2916,בת ים,3969,733,2507,430,3969,733,4697,962
2917,בת ים,4286,973,417,487,4286,973,6187,1482
2918,בת ים,7582,832,4724,474,7582,832,10269,1230
2919,בת ים,5119,391,3560,273,5119,391,4866,433
2920,בת ים,3694,470,3201,373,3694,470,4550,674
2921,בת ים,5609,654,3717,416,5609,654,4779,647
2922,בת ים,6176,372,4093,258,6176,372,6289,436
2923,בת ים,3925,325,2601,215,3925,325,3565,344
2924,בת ים,2904,970,2904,917,2904,970,3510,1423
2925,בת ים,2788,578,2788,559,2788,578,3147,915
2926,בת ים,340,388,340,358,340,388,496,770
2927,בת ים,4249,415,4249,415,4249,415,5271,751
2928,בת ים,3127,361,2072,229,3127,361,3624,466
2929,בת ים,4021,199,2665,143,4021,199,4902,264
2930,בת ים,3270,433,2167,273,3270,433,3272,449
2931,בת ים,10600,2150,1031,838,10600,2150,11350,2549
2932,בת ים,4777,3435,3057,2352,4777,3435,7317,5362
2933,בת ים,4340,320,2876,215,4340,320,5875,465
2934,בת ים,3637,471,3152,373,3637,471,5608,724
2935,בת ים,9384,783,5060,344,9384,783,10878,1029
2936,בת ים,1704,9756,321,6841,1704,9756,12214,13342
2937,בת ים,2819,238,1868,157,2819,238,2138,157
2938,בת ים,8412,754,717,251,8412,754,7517,651
2940,בת ים,8900,1036,759,346,8900,1036,9342,1276
2941,בת ים,13044,1953,1112,651,13044,1953,15031,2507
2942,בת ים,3433,551,293,183,3433,551,4564,818
2943,בת ים,10687,3237,911,1080,10687,3237,10422,3229
3001,רעננה,0,6643,0,3732,0,6643,0,7465
3003,רעננה,59,23,59,22,59,23,62,28
3005,רעננה,678,12815,543,11199,678,12815,650,15013
3006,רעננה,0,9093,0,6538,0,9093,0,9013
3007,רעננה,1602,598,1223,485,1602,598,1730,683
3008,רעננה,6570,1582,4165,799,6570,1582,7094,1807
3009,רעננה,6570,1582,4165,800,6570,1582,7094,1806
3010,רעננה,4389,1126,3886,940,4389,1126,4739,1287
3011,רעננה,4169,3672,2643,1856,4169,3672,5018,4760
3012,רעננה,7014,2690,6449,2350,7014,2690,7742,3169
3013,רעננה,9307,3990,6558,2032,9307,3990,10094,4572
3014,רעננה,5667,833,3594,420,5667,833,6063,943
3015,רעננה,3799,1042,2409,593,3799,1042,4102,1188
3016,רעננה,9823,3578,6228,2104,9823,3578,10216,3912
3017,רעננה,6649,2245,4848,1753,6649,2245,7379,2663
3018,רעננה,3265,1011,2917,819,3265,1011,4526,1706
3019,רעננה,4248,2704,3438,1740,4248,2704,5086,3131
3020,רעננה,2830,1954,2437,1299,2830,1954,3290,2248
3021,רעננה,2712,908,2336,727,2712,908,3183,1033
3022,רעננה,3477,1034,2435,740,3477,1034,4456,1408
3023,רעננה,8295,1635,6666,1208,8295,1635,10156,2214
3025,רעננה,7209,1475,4655,761,7209,1475,8068,1722
3026,רעננה,5137,866,3707,558,5137,866,5430,969
3027,רעננה,5241,4620,3868,3026,5241,4620,6638,5628
3028,רעננה,4243,936,3248,663,4243,936,5665,1489
3029,רעננה,4364,1097,2766,688,4364,1097,5917,2024
3030,רעננה,0,5979,0,4819,0,5979,0,10410
3031,רעננה,3930,803,2492,406,3930,803,4244,919
3101,כפר סבא,9052,2814,6383,2043,9052,2814,8677,2860
3102,כפר סבא,6411,1595,8051,1840,6411,1595,7034,1904
3103,כפר סבא,12187,3973,15305,4583,12187,3973,13372,4745
3104,כפר סבא,207,3886,267,2075,207,3886,521,5348
3105,כפר סבא,1822,325,2288,376,1822,325,1991,388
3106,כפר סבא,5575,965,7001,1113,5575,965,6117,1152
3107,כפר סבא,8293,1293,10414,1492,8293,1293,9099,1544
3108,כפר סבא,2240,1307,2813,1508,2240,1307,2457,1561
3109,כפר סבא,2588,571,3250,660,2588,571,2839,683
3110,כפר סבא,2543,709,3193,818,2543,709,2705,785
3111,כפר סבא,4713,625,5919,722,4713,625,5171,747
3112,כפר סבא,6456,616,8107,712,6456,616,7069,734
3113,כפר סבא,4164,437,5229,504,4164,437,4336,357
3114,כפר סבא,0,7619,0,8793,0,7619,0,8124
3115,כפר סבא,3135,5735,3467,5574,3135,5735,3171,5476
3116,כפר סבא,3454,846,4338,977,3454,846,3477,813
3117,כפר סבא,3273,1857,3154,1515,3273,1857,3519,2354
3118,כפר סבא,4259,1058,5349,1222,4259,1058,4612,1235
3119,כפר סבא,3902,818,4900,943,3902,818,3812,808
3120,כפר סבא,4167,811,5233,937,4167,811,4572,969
3121,כפר סבא,4834,625,6071,721,4834,625,5323,749
3122,כפר סבא,2293,14365,2079,16485,2293,14365,2353,19490
3123,כפר סבא,6751,1247,8478,1439,6751,1247,6520,1203
3124,כפר סבא,3183,777,3997,897,3183,777,3288,841
3125,כפר סבא,3991,1021,4774,1177,3991,1021,4542,1241
3126,כפר סבא,5866,1343,7027,1454,5866,1343,6055,1584
3127,כפר סבא,5026,2354,5232,2109,5026,2354,5026,2756
3128,כפר סבא,3006,744,3228,696,3006,744,2979,851
3129,כפר סבא,2617,1192,2894,1160,2617,1192,2674,1411
3130,כפר סבא,3923,1297,4339,1260,3923,1297,3976,1359
3131,כפר סבא,3465,1741,3355,1417,3465,1741,3670,1958
3132,כפר סבא,3870,506,4860,583,3870,506,3605,409
3133,כפר סבא,2560,841,3066,910,2560,841,2575,697
3134,כפר סבא,3868,1692,4857,1954,3868,1692,4047,1330
3135,כפר סבא,121,2468,108,1456,121,2468,146,4233
3136,כפר סבא,4066,515,5106,593,4066,515,4982,774
3137,ראש העין,401,8003,247,9148,401,8003,611,10533
3201,רעננה,677,704,430,595,677,704,736,818
3202,הוד השרון,3199,792,3731,841,3199,792,3172,803
3203,הוד השרון,664,998,774,1060,664,998,713,992
3204,הוד השרון,2636,448,3074,476,2636,448,3054,513
3205,הרצלייה,4492,1552,2839,975,4492,1552,5447,2035
3301,הוד השרון,8624,3107,10095,3146,8624,3107,9895,2870
3302,הוד השרון,5154,1097,6011,1163,5154,1097,5939,1229
3303,הוד השרון,4643,1009,5414,1071,4643,1009,5244,1126
3304,הוד השרון,8348,5942,9380,5965,8348,5942,8701,6256
3305,הוד השרון,4075,1140,4709,1194,4075,1140,4310,1239
3306,הוד השרון,4112,755,4796,802,4112,755,4738,847
3307,הוד השרון,4959,940,5783,998,4959,940,5714,1053
3308,הוד השרון,9103,7469,10668,7434,9103,7469,10264,7804
3309,הוד השרון,6846,2015,8024,2005,6846,2015,7513,2035
3310,הוד השרון,3521,3073,4107,3260,3521,3073,4057,3443
3311,הוד השרון,14298,5065,16675,5374,14298,5065,16474,5676
3312,הוד השרון,7198,2264,8395,2401,7198,2264,8213,2529
3313,הוד השרון,3290,1361,3802,1425,3290,1361,3204,1444
3314,הוד השרון,7429,2897,8348,2909,7429,2897,7531,3035
3315,הוד השרון,14103,3923,16447,4163,14103,3923,14009,3914
3316,הוד השרון,4699,4310,1160,1043,4699,4310,18235,9517
3317,הוד השרון,6332,2634,7385,2795,6332,2634,5864,2551
3319,הוד השרון,2287,1135,2667,1204,2287,1135,2635,1272
3320,הוד השרון,18076,5483,21256,5983,18076,5483,21537,6052
3321,הוד השרון,0,6880,0,7299,0,6880,0,7710
3324,הוד השרון,0,8822,0,11270,0,8822,0,11952
4002,פתח תקווה-גבעת שמואל,5289,1630,5673,1795,5289,1630,7900,2365
4003,פתח תקווה-גבעת שמואל,2141,1453,2327,1577,2141,1453,2644,1886
4004,פתח תקווה-גבעת שמואל,0,1223,0,1327,0,1223,0,1588
4005,פתח תקווה-גבעת שמואל,2141,407,2327,444,2141,407,2644,529
4007,פתח תקווה-גבעת שמואל,4231,1213,4598,1317,4231,1213,5223,1575
4008,פתח תקווה-גבעת שמואל,5781,1228,6283,1333,5781,1228,7138,1595
4009,פתח תקווה-גבעת שמואל,11106,1657,12069,1799,11106,1657,13711,2153
4010,פתח תקווה-גבעת שמואל,10397,339,11153,373,10397,339,14855,478
4012,פתח תקווה-גבעת שמואל,0,5008,0,6042,0,5008,0,9178
4013,פתח תקווה-גבעת שמואל,0,14256,0,16865,0,14256,0,27943
4014,פתח תקווה-גבעת שמואל,6003,1873,6524,2033,6003,1873,7426,2431
4015,פתח תקווה-גבעת שמואל,6298,785,6844,852,6298,785,8139,1004
4016,פתח תקווה-גבעת שמואל,6466,1153,6660,1277,6466,1153,8293,2588
4017,פתח תקווה-גבעת שמואל,14777,1649,15219,1827,14777,1649,18519,3478
4018,פתח תקווה-גבעת שמואל,0,2443,0,2664,0,2443,0,3314
4019,פתח תקווה-גבעת שמואל,7777,2061,8009,2285,7777,2061,8500,2799
4020,פתח תקווה-גבעת שמואל,16613,3422,18055,3716,16613,3422,19228,4029
4021,פתח תקווה-גבעת שמואל,0,8713,0,9510,0,8713,0,10101
4022,פתח תקווה-גבעת שמואל,0,15869,0,17895,0,15869,0,16628
4023,פתח תקווה-גבעת שמואל,0,14164,0,16058,0,14164,0,17095
4024,פתח תקווה-גבעת שמואל,0,17776,0,20153,0,17776,0,24268
4025,פתח תקווה-גבעת שמואל,2694,3882,2928,4215,2694,3882,3041,4315
4026,פתח תקווה-גבעת שמואל,0,10444,0,11840,0,10444,0,12314
4027,פתח תקווה-גבעת שמואל,0,5614,0,6364,0,5614,0,6802
4028,פתח תקווה-גבעת שמואל,597,12915,212,14491,597,12915,1006,17217
4029,פתח תקווה-גבעת שמואל,1006,11143,1076,12170,1006,11143,2074,8019
4030,פתח תקווה-גבעת שמואל,8355,1701,8605,1886,8355,1701,5823,1493
4031,פתח תקווה-גבעת שמואל,7047,1763,7258,1955,7047,1763,5580,1677
4032,פתח תקווה-גבעת שמואל,7729,4109,7960,4556,7729,4109,8529,5220
4033,פתח תקווה-גבעת שמואל,6746,2590,6948,2871,6746,2590,7667,3721
4034,פתח תקווה-גבעת שמואל,2963,339,3051,376,2963,339,3349,315
4035,פתח תקווה-גבעת שמואל,7491,1059,7715,1174,7491,1059,9357,2074
4036,פתח תקווה-גבעת שמואל,8101,1004,8343,1113,8101,1004,10405,2273
4037,פתח תקווה-גבעת שמואל,7588,1075,7899,1186,7588,1075,9530,2045
4038,פתח תקווה-גבעת שמואל,21206,17624,16327,14739,21206,17624,22934,22911
4039,פתח תקווה-גבעת שמואל,6245,1551,6787,1684,6245,1551,7493,2129
4040,פתח תקווה-גבעת שמואל,12134,3970,9342,3321,12134,3970,13414,5451
4041,פתח תקווה-גבעת שמואל,5201,967,5576,1054,5201,967,5949,1480
4042,פתח תקווה-גבעת שמואל,3638,653,3911,713,3638,653,4355,890
4043,פתח תקווה-גבעת שמואל,5937,899,6452,976,5937,899,7039,1079
4044,פתח תקווה-גבעת שמואל,3467,514,3688,562,3467,514,3805,477
4045,פתח תקווה-גבעת שמואל,4207,894,4403,984,4207,894,4668,784
4046,פתח תקווה-גבעת שמואל,8016,14332,8390,15785,8016,14332,8860,12679
4047,פתח תקווה-גבעת שמואל,3490,1075,3793,1166,3490,1075,3757,983
4048,פתח תקווה-גבעת שמואל,5155,772,5483,844,5155,772,4884,743
4049,פתח תקווה-גבעת שמואל,5116,574,5312,633,5116,574,3791,526
4050,פתח תקווה-גבעת שמואל,7778,1874,8453,2036,7778,1874,7539,2283
4051,פתח תקווה-גבעת שמואל,11315,2689,11842,2962,11315,2689,9500,2900
4052,פתח תקווה-גבעת שמואל,6762,1922,7077,2117,6762,1922,6175,1866
4053,פתח תקווה-גבעת שמואל,3101,2820,3370,3062,3101,2820,4657,3351
4054,פתח תקווה-גבעת שמואל,3923,1715,4263,1863,3923,1715,4843,2228
4055,פתח תקווה-גבעת שמואל,2720,574,2956,623,2720,574,2809,829
4056,פתח תקווה-גבעת שמואל,10845,1535,11786,1667,10845,1535,11350,2063
4057,פתח תקווה-גבעת שמואל,4394,229,4775,249,4394,229,4108,287
4058,פתח תקווה-גבעת שמואל,8297,2183,9017,2368,8297,2183,8714,2766
4059,פתח תקווה-גבעת שמואל,7688,2453,8355,2661,7688,2453,9222,3173
4060,פתח תקווה-גבעת שמואל,8241,4067,8956,4415,8241,4067,9244,5072
4061,פתח תקווה-גבעת שמואל,3513,304,3818,329,3513,304,4337,395
4062,פתח תקווה-גבעת שמואל,4386,774,4766,841,4386,774,5330,970
4063,פתח תקווה-גבעת שמואל,4050,550,4238,607,4050,550,4936,868
4064,פתח תקווה-גבעת שמואל,5928,930,6373,1013,5928,930,7307,1280
4065,פתח תקווה-גבעת שמואל,8431,2158,8776,2381,8431,2158,10547,3973
4066,פתח תקווה-גבעת שמואל,7327,1005,7963,1091,7327,1005,8610,1386
4067,פתח תקווה-גבעת שמואל,4034,1506,4384,1634,4034,1506,4330,2278
4068,פתח תקווה-גבעת שמואל,7756,1040,8430,1129,7756,1040,9164,1432
4069,פתח תקווה-גבעת שמואל,17581,1670,19107,1811,17581,1670,21684,2172
4070,פתח תקווה-גבעת שמואל,8421,1026,9152,1114,8421,1026,10397,1332
4071,פתח תקווה-גבעת שמואל,6124,1158,6656,1257,6124,1158,7538,1509
4072,פתח תקווה-גבעת שמואל,4199,523,4490,571,4199,523,5163,731
4073,פתח תקווה-גבעת שמואל,5824,866,6329,940,5824,866,6954,1119
4074,פתח תקווה-גבעת שמואל,5902,744,6415,806,5902,744,7307,1467
4101,פתח תקווה-גבעת שמואל,13217,2749,12006,3000,13217,2749,15852,3665
4102,פתח תקווה-גבעת שמואל,9490,3932,10314,4270,9490,3932,11900,5444
4103,פתח תקווה-גבעת שמואל,5023,2593,5459,2815,5023,2593,6574,3889
4104,פתח תקווה-גבעת שמואל,7978,906,8671,983,7978,906,9881,1544
4105,פתח תקווה-גבעת שמואל,9969,2239,10835,2430,9969,2239,12334,4325
4106,פתח תקווה-גבעת שמואל,3770,1099,2883,960,3770,1099,4864,1482
4201,יהוד-גני תקווה,9396,1265,9629,1270,9396,1265,9698,1216
4202,יהוד-גני תקווה,7636,1427,7825,1433,7636,1427,7936,1383
4203,יהוד-גני תקווה,6363,964,6521,969,6363,964,6158,865
4204,יהוד-גני תקווה,3449,745,3534,748,3449,745,3528,709
4301,יהוד-גני תקווה,2690,1288,2757,1293,2690,1288,2796,1249
4302,יהוד-גני תקווה,12215,4032,12517,4047,12215,4032,13107,3878
4401,יהוד-גני תקווה,5289,1222,5420,1228,5289,1222,5497,1186
4402,יהוד-גני תקווה,12399,4001,12705,4016,12399,4001,12431,3812
4501,יהוד-גני תקווה,1444,185,1480,186,1444,185,1501,180
4502,יהוד-גני תקווה,6259,684,6414,687,6259,684,6505,663
4503,יהוד-גני תקווה,6449,1323,6608,1328,6449,1323,6702,1282
4504,יהוד-גני תקווה,0,3979,0,7003,0,3979,0,5982
4505,יהוד-גני תקווה,6613,4521,6897,5018,6613,4521,5867,4531
4506,יהוד-גני תקווה,15914,4132,16140,4335,15914,4132,17793,5131
4507,יהוד-גני תקווה,2166,278,2220,280,2166,278,2237,247
4508,יהוד-גני תקווה,5972,3115,6120,3126,5972,3115,6234,2887
4509,יהוד-גני תקווה,3452,559,3538,562,3452,559,3524,516
4510,יהוד-גני תקווה,0,3085,0,3250,0,3085,0,2710
4601,"נתב""ג",0,9092,0,9092,0,9092,0,9482
4602,"נתב""ג",0,30269,0,30269,0,30269,0,31859
5001,רמלה-לוד-באר יעקב,13474,5807,14024,5416,13474,5807,15057,6986
5002,רמלה-לוד-באר יעקב,1881,559,1958,521,1881,559,2099,672
5003,רמלה-לוד-באר יעקב,1504,867,1566,809,1504,867,1681,1042
5004,רמלה-לוד-באר יעקב,879,382,915,357,879,382,988,474
5005,רמלה-לוד-באר יעקב,1430,774,1488,723,1430,774,1605,940
5006,רמלה-לוד-באר יעקב,10889,4091,11333,3815,10889,4091,12344,5039
5007,רמלה-לוד-באר יעקב,14164,13110,14062,11963,14164,13110,16439,17035
5008,רמלה-לוד-באר יעקב,4170,1661,4293,1597,4170,1661,4705,1988
5009,רמלה-לוד-באר יעקב,2899,1645,2803,1483,2899,1645,3634,2211
5102,רמלה-לוד-באר יעקב,3257,464,3390,434,3257,464,4105,566
5103,רמלה-לוד-באר יעקב,5191,6269,3093,7321,5191,6269,7280,7736
5104,רמלה-לוד-באר יעקב,44,13928,22,16811,44,13928,682,21957
5105,רמלה-לוד-באר יעקב,1877,3065,1877,3173,1877,3065,11242,7756
5106,רמלה-לוד-באר יעקב,7643,3318,7868,3124,7643,3318,8983,4192
5107,רמלה-לוד-באר יעקב,9452,1731,9650,1654,9452,1731,10749,2131
5108,רמלה-לוד-באר יעקב,4768,1317,4963,1226,4768,1317,5386,1642
5109,רמלה-לוד-באר יעקב,1857,641,1933,596,1857,641,2118,825
5110,רמלה-לוד-באר יעקב,1770,334,1813,319,1770,334,1970,409
5111,רמלה-לוד-באר יעקב,5920,7037,6346,6503,5920,7037,7401,8540
5112,רמלה-לוד-באר יעקב,9313,5898,9983,5450,9313,5898,12827,8591
5113,רמלה-לוד-באר יעקב,4640,1847,5010,1703,4640,1847,5925,2408
5114,רמלה-לוד-באר יעקב,5246,599,5461,560,5246,599,6730,851
5115,רמלה-לוד-באר יעקב,4463,850,4645,793,4463,850,5089,1056
5116,רמלה-לוד-באר יעקב,5174,710,5505,657,5174,710,7074,1114
5117,רמלה-לוד-באר יעקב,2642,495,2801,459,2642,495,3628,783
5118,רמלה-לוד-באר יעקב,4229,1443,4402,1345,4229,1443,4786,1775
5119,רמלה-לוד-באר יעקב,272,444,283,414,272,444,323,662
5120,רמלה-לוד-באר יעקב,6634,1134,6905,1057,6634,1134,7938,1686
5121,רמלה-לוד-באר יעקב,5527,854,5752,797,5527,854,6880,1059
5122,רמלה-לוד-באר יעקב,6207,6332,6436,6272,6207,6332,7627,8023
5123,רמלה-לוד-באר יעקב,6802,683,7080,637,6802,683,7601,821
5201,רמלה-לוד-באר יעקב,4602,471,4790,440,4602,471,5773,814
5202,רמלה-לוד-באר יעקב,3357,442,3494,412,3357,442,4781,1102
5203,רמלה-לוד-באר יעקב,2989,278,3111,259,2989,278,4812,802
5204,רמלה-לוד-באר יעקב,3722,1541,3748,1382,3722,1541,8357,6661
5205,רמלה-לוד-באר יעקב,3063,596,3188,556,3063,596,4144,1046
5206,רמלה-לוד-באר יעקב,8083,637,8246,594,8083,637,9209,759
5207,רמלה-לוד-באר יעקב,0,3866,0,3606,0,3866,0,4252
5208,רמלה-לוד-באר יעקב,1718,5492,1718,5763,1718,5492,2877,7574
5209,רמלה-לוד-באר יעקב,4081,376,4187,344,4081,376,5044,511
5210,רמלה-לוד-באר יעקב,1342,777,1306,668,1342,777,2970,3690
5211,רמלה-לוד-באר יעקב,3069,290,3040,254,3069,290,7067,1373
5212,רמלה-לוד-באר יעקב,3519,376,3564,340,3519,376,7519,1522
5213,רמלה-לוד-באר יעקב,4121,473,4228,434,4121,473,5602,903
5214,רמלה-לוד-באר יעקב,13086,3099,13621,2890,13086,3099,17073,6165
5215,רמלה-לוד-באר יעקב,4279,356,4454,332,4279,356,4782,428
5216,רמלה-לוד-באר יעקב,4551,721,4669,663,4551,721,5115,925
5217,רמלה-לוד-באר יעקב,5694,520,5766,471,5694,520,7309,884
5218,רמלה-לוד-באר יעקב,5044,601,5250,561,5044,601,6015,824
5219,רמלה-לוד-באר יעקב,1654,2104,1697,1931,1654,2104,1786,2322
5220,רמלה-לוד-באר יעקב,1004,1068,1006,953,1004,1068,1371,1868
5221,רמלה-לוד-באר יעקב,569,4496,559,3911,569,4496,471,3444
5222,רמלה-לוד-באר יעקב,2539,5534,2781,5625,2539,5534,2577,6752
5223,רמלה-לוד-באר יעקב,8900,1529,9080,1455,8900,1529,9819,1829
5224,רמלה-לוד-באר יעקב,6013,681,6259,635,6013,681,6734,818
5301,ראשון לציון,0,481,0,481,0,481,0,482
5302,ראשון לציון,13535,1408,11255,1061,13535,1408,17310,2754
5303,ראשון לציון,0,10963,0,7710,0,10963,0,13042
5304,ראשון לציון,0,1290,0,829,0,1290,0,1331
5305,ראשון לציון,18269,4961,11709,3186,18269,4961,20148,5562
5306,ראשון לציון,6519,2273,5284,2161,6519,2273,9122,3455
5307,ראשון לציון,3528,1155,2920,1100,3528,1155,3815,1140
5308,ראשון לציון,7842,1984,5922,1748,7842,1984,8517,1955
5309,ראשון לציון,0,19936,0,14432,0,19936,0,23512
5310,ראשון לציון,0,12598,0,8785,0,12598,0,14391
5311,ראשון לציון,10143,13658,6502,8771,10143,13658,10735,12133
5313,ראשון לציון,6097,444,5697,373,6097,444,6581,431
5314,ראשון לציון,5688,982,5273,935,5688,982,6151,967
5315,ראשון לציון,9912,470,9646,400,9912,470,10583,466
5316,ראשון לציון,7008,434,5791,280,7008,434,7537,430
5317,ראשון לציון,4968,1035,3679,864,4968,1035,5373,1021
5318,ראשון לציון,13724,2691,8796,1727,13724,2691,13675,3113
5319,ראשון לציון,7314,1792,4688,1150,7314,1792,6923,2310
5320,ראשון לציון,0,10353,0,7484,0,10353,0,12906
5321,ראשון לציון,368,0,300,0,368,0,511,0
5323,ראשון לציון,7216,1812,4626,1163,7216,1812,11228,4380
5324,ראשון לציון,6707,391,6043,274,6707,391,7488,484
5325,ראשון לציון,7900,982,7900,982,7900,982,8543,1180
5326,ראשון לציון,5297,954,4583,865,5297,954,5728,941
5327,ראשון לציון,4201,569,4201,569,4201,569,4389,569
5328,ראשון לציון,4924,1798,4197,1748,4924,1798,5231,1778
5329,ראשון לציון,5677,1010,4977,924,5677,1010,6129,998
5330,ראשון לציון,4389,338,4283,314,4389,338,4403,337
5331,ראשון לציון,4424,917,3680,826,4424,917,4331,1084
5332,ראשון לציון,2153,271,1518,177,2153,271,2019,343
5333,ראשון לציון,7209,2112,5378,1866,7209,2112,7411,2157
5334,ראשון לציון,9809,2534,9539,2534,9809,2534,10608,2534
5336,ראשון לציון,7652,1172,7435,1100,7652,1172,8721,1325
5337,ראשון לציון,5116,331,4681,255,5116,331,5533,328
5338,ראשון לציון,9519,7174,6101,5579,9519,7174,10294,7078
5340,ראשון לציון,6477,299,6320,255,6477,299,7080,293
5341,ראשון לציון,7562,1157,7213,1120,7562,1157,8594,1120
5342,ראשון לציון,4453,488,3959,393,4453,488,4969,516
5343,ראשון לציון,4193,740,3630,668,4193,740,4535,730
5344,ראשון לציון,4503,1137,4202,983,4503,1137,4202,983
5345,ראשון לציון,4971,1599,4570,1494,4971,1599,4570,1494
5346,ראשון לציון,4222,1227,3660,1179,4222,1227,4194,1207
5347,ראשון לציון,3219,459,3141,452,3219,459,3471,454
5348,ראשון לציון,3980,9837,3443,7225,3980,9837,3443,7210
5349,ראשון לציון,4647,10338,4170,7594,4647,10338,4170,16565
5350,ראשון לציון,4171,2799,3333,1931,4171,2799,4615,3458
5351,ראשון לציון,3852,910,3332,727,3852,910,7235,3319
5352,ראשון לציון,2950,962,2879,962,2950,962,3191,962
5353,ראשון לציון,5817,504,5122,392,5817,504,6291,497
5354,ראשון לציון,6186,804,5504,707,6186,804,6690,794
5355,ראשון לציון,7522,1094,4862,707,7522,1094,8135,1080
5356,ראשון לציון,9984,1312,8866,1154,9984,1312,11429,1863
5357,ראשון לציון,5680,1498,3641,963,5680,1498,6520,1885
5360,ראשון לציון,3057,599,1960,385,3057,599,3306,592
5361,ראשון לציון,11438,2589,7331,1663,11438,2589,12370,2554
5362,ראשון לציון,5677,1167,4407,1003,5677,1167,6140,1152
5363,ראשון לציון,6971,835,5056,550,6971,835,7538,823
5364,ראשון לציון,9843,1327,6310,852,9843,1327,10870,1473
5365,ראשון לציון,4445,926,2849,619,4445,926,4807,913
5366,ראשון לציון,4445,926,2849,619,4445,926,5586,1791
5367,ראשון לציון,2616,688,2553,688,2616,688,2841,688
5368,ראשון לציון,4692,584,4578,569,4692,584,5086,585
5370,ראשון לציון,0,7353,0,4722,0,7353,0,7116
5371,ראשון לציון,0,236,0,236,0,236,0,236
5373,ראשון לציון,6532,1602,4188,1028,6532,1602,7099,1626
5374,ראשון לציון,0,24,0,20,0,24,0,24
5401,רמלה-לוד-באר יעקב,1616,7956,1517,7086,1616,7956,1499,6757
5402,רמלה-לוד-באר יעקב,5139,4204,3762,3414,5139,4204,7413,3921
5403,רמלה-לוד-באר יעקב,7881,2321,7402,2067,7881,2321,10590,3366
5404,רמלה-לוד-באר יעקב,21339,6572,22210,6130,21339,6572,25901,8849
5405,רמלה-לוד-באר יעקב,4467,6563,4435,5989,4467,6563,7267,7102
5406,רמלה-לוד-באר יעקב,13364,2919,13910,2723,13364,2919,17855,4716
5407,רמלה-לוד-באר יעקב,15731,4913,16374,4581,15731,4913,28296,10943
5501,רחובות-נס ציונה,3724,565,4151,661,3724,565,3462,547
5502,רחובות-נס ציונה,596,88,665,103,596,88,621,93
5503,רחובות-נס ציונה,8709,648,9707,758,8709,648,8933,675
5504,רחובות-נס ציונה,5678,3926,6329,4593,5678,3926,4674,3415
5505,רחובות-נס ציונה,9868,2071,11000,2422,9868,2071,8639,1909
5506,רחובות-נס ציונה,9898,2081,11033,2436,9898,2081,10301,2192
5507,רחובות-נס ציונה,7753,798,8642,934,7753,798,8069,840
5508,רחובות-נס ציונה,4020,927,4481,1084,4020,927,4126,960
5509,רחובות-נס ציונה,4020,927,4481,1084,4020,927,3550,824
5510,רחובות-נס ציונה,3567,1050,3976,1229,3567,1050,3116,938
5511,רחובות-נס ציונה,3567,1050,3976,1229,3567,1050,3644,1083
5512,רחובות-נס ציונה,5137,541,5726,634,5137,541,5346,570
5513,רחובות-נס ציונה,3105,6362,3790,6609,3105,6362,4211,7692
5514,רחובות-נס ציונה,0,2634,0,2238,0,2634,0,4643
5515,רחובות-נס ציונה,0,8958,0,7303,0,8958,0,10805
5516,רחובות-נס ציונה,9144,1011,10293,1168,9144,1011,14248,1323
5517,רחובות-נס ציונה,1988,293,2216,344,1988,293,2069,308
5601,רחובות-נס ציונה,0,29266,0,29958,0,29266,0,36467
5602,רחובות-נס ציונה,4983,894,5555,1047,4983,894,6737,979
5603,רחובות-נס ציונה,0,3645,0,4154,0,3645,0,2891
5604,רחובות-נס ציונה,369,1380,411,1615,369,1380,384,1453
5605,רחובות-נס ציונה,3494,134,3894,156,3494,134,3636,141
5608,רחובות-נס ציונה,9057,2337,10095,2734,9057,2337,9425,2460
5609,רחובות-נס ציונה,9279,2124,10343,2485,9279,2124,9657,2236
5610,רחובות-נס ציונה,4988,1038,5560,1213,4988,1038,5189,1091
5611,רחובות-נס ציונה,4377,2412,4879,2823,4377,2412,4098,2201
5612,רחובות-נס ציונה,4730,798,5272,934,4730,798,4875,815
5613,רחובות-נס ציונה,4414,543,4920,635,4414,543,4595,571
5614,רחובות-נס ציונה,5426,2120,6048,2479,5426,2120,5359,1927
5615,רחובות-נס ציונה,4819,1854,5371,2169,4819,1854,5015,1952
5616,רחובות-נס ציונה,0,3865,0,4522,0,3865,0,3234
5617,רחובות-נס ציונה,4013,642,4474,751,4013,642,4241,649
5618,רחובות-נס ציונה,3937,2071,286,4625,3937,2071,11949,7140
5619,רחובות-נס ציונה,10080,2124,11236,2484,10080,2124,10490,2236
5620,רחובות-נס ציונה,8436,230,9404,270,8436,230,8547,236
5621,רחובות-נס ציונה,4035,693,4498,811,4035,693,3610,621
5622,רחובות-נס ציונה,3064,6689,3415,7825,3064,6689,2873,4845
5623,רחובות-נס ציונה,4145,3017,4621,3530,4145,3017,3938,2303
5624,רחובות-נס ציונה,6109,6035,6809,7059,6109,6035,5621,4031
5625,רחובות-נס ציונה,4847,571,5403,668,4847,571,5000,585
5626,רחובות-נס ציונה,4415,631,4921,739,4415,631,4594,665
5627,רחובות-נס ציונה,7630,703,8504,823,7630,703,7940,741
5628,רחובות-נס ציונה,9057,2337,10095,2734,9057,2337,9425,2460
5629,רחובות-נס ציונה,3485,463,3885,542,3485,463,3627,487
5630,רחובות-נס ציונה,9166,1063,10217,1244,9166,1063,9465,1122
5631,רחובות-נס ציונה,8434,1616,9401,1892,8434,1616,8426,1725
5632,רחובות-נס ציונה,9920,1261,11057,1475,9920,1261,9259,1287
5633,רחובות-נס ציונה,11306,970,12602,1134,11306,970,11118,1039
5634,רחובות-נס ציונה,7378,940,8224,1100,7378,940,6974,971
5635,רחובות-נס ציונה,7312,854,8150,1000,7312,854,7588,900
5636,רחובות-נס ציונה,6472,1018,7214,1191,6472,1018,5968,923
5637,רחובות-נס ציונה,15285,8573,14446,11340,15285,8573,20667,11776
5638,רחובות-נס ציונה,8820,2169,9832,2538,8820,2169,9179,2284
5639,רחובות-נס ציונה,4975,923,5545,1080,4975,923,5064,950
5640,רחובות-נס ציונה,4424,565,4931,662,4424,565,4329,558
5641,רחובות-נס ציונה,1658,5925,1848,6932,1658,5925,1338,4784
5642,רחובות-נס ציונה,9610,1505,10712,1760,9610,1505,9801,1552
5643,רחובות-נס ציונה,8714,1687,9713,1974,8714,1687,8092,1579
5644,רחובות-נס ציונה,0,2690,0,3178,0,2690,0,3494
5645,רחובות-נס ציונה,8348,1381,9278,1618,8348,1381,9587,1499
6001,עמק חפר,4506,991,4454,874,4506,991,4492,956
6002,עמק חפר,6927,6100,6847,5379,6927,6100,6905,5887
6003,עמק חפר,0,3120,0,2691,0,3120,0,3945
6004,עמק חפר,4007,1685,3958,1576,4007,1685,4034,1634
6005,עמק חפר,5034,2986,4975,2943,5034,2986,5017,2943
6006,עמק חפר,6939,1329,6939,1173,6939,1329,6939,1283
6008,עמק חפר,2138,740,2113,699,2138,740,2325,793
6009,עמק חפר,955,231,944,204,955,231,952,224
6010,עמק חפר,8133,3416,8039,3012,8133,3416,8107,3296
6011,עמק חפר,1703,366,1684,323,1703,366,1698,353
6012,עמק חפר,4969,3212,4912,2953,4969,3212,4953,3100
6013,עמק חפר,2042,1112,2018,980,2042,1112,2035,1073
6014,עמק חפר,2313,1138,2287,1138,2313,1138,2306,1138
6015,עמק חפר,2023,662,2000,605,2023,662,2017,640
6016,עמק חפר,1206,939,1192,939,1206,939,1203,939
6017,עמק חפר,6295,2051,6268,1808,6295,2051,6274,1979
6018,עמק חפר,2358,758,2331,710,2358,758,2351,733
6019,עמק חפר,2992,982,2957,866,2992,982,2982,948
6020,עמק חפר,2513,700,2484,617,2513,700,2505,675
6101,נתניה,5243,1874,6847,2695,5243,1874,5086,1846
6102,נתניה,4157,6409,5429,9215,4157,6409,4032,6311
6103,נתניה,4991,975,6519,1403,4991,975,4879,961
6104,נתניה,3829,663,5000,953,3829,663,3714,653
6105,נתניה,5208,572,6801,824,5208,572,5052,565
6106,נתניה,3658,625,4778,900,3658,625,3549,616
6107,נתניה,5163,701,6742,1008,5163,701,5036,691
6108,נתניה,3863,543,5045,782,3863,543,3747,536
6109,נתניה,3485,1178,4552,1694,3485,1178,3381,1159
6110,נתניה,1737,536,2268,771,1737,536,1685,529
6111,נתניה,2485,784,3135,1035,2485,784,2469,777
6112,נתניה,2255,1383,2794,1743,2255,1383,2275,1374
6113,נתניה,3569,1221,4502,1611,3569,1221,3499,1203
6114,נתניה,2404,9322,2606,7958,2404,9322,3330,10463
6115,נתניה,2914,3973,3159,3392,2914,3973,4078,4480
6116,נתניה,3240,708,4232,1016,3240,708,3143,696
6117,נתניה,3447,7211,3888,6982,3447,7211,4309,7753
6118,נתניה,3842,526,5017,756,3842,526,3727,518
6119,נתניה,4962,1555,6093,1914,4962,1555,5027,1546
6120,נתניה,5074,1596,6626,2294,5074,1596,4922,1572
6121,נתניה,189,5261,228,4379,189,5261,201,6248
6122,נתניה,1050,1274,1371,1831,1050,1274,1018,1253
6123,נתניה,7467,3518,9631,4884,7467,3518,7879,3757
6124,נתניה,5748,929,7507,1337,5748,929,5702,915
6125,נתניה,2460,363,3144,521,2460,363,2460,356
6126,נתניה,3142,268,4103,386,3142,268,3048,264
6127,נתניה,4587,648,5990,933,4587,648,4450,639
6128,נתניה,4096,573,5350,824,4096,573,3974,563
6129,נתניה,2191,376,2861,541,2191,376,2125,371
6130,נתניה,2191,376,2861,541,2191,376,2125,371
6131,נתניה,2879,555,3625,798,2879,555,2879,548
6132,נתניה,1370,374,1789,538,1370,374,1329,368
6133,נתניה,2761,309,3490,445,2761,309,2761,304
6134,נתניה,8184,1271,10565,1752,8184,1271,8571,1426
6135,נתניה,0,5221,0,4347,0,5221,0,4921
6136,נתניה,189,5261,228,4380,189,5261,42,4663
6137,נתניה,189,5261,228,4380,189,5261,189,6188
6138,נתניה,5509,1952,7195,2805,5509,1952,5344,1921
6139,נתניה,7812,1772,10202,2547,7812,1772,7578,1744
6140,נתניה,6229,455,8135,654,6229,455,6043,448
6141,נתניה,5485,3017,7163,4338,5485,3017,5320,2971
6142,נתניה,1338,4070,1639,3689,1338,4070,1509,4823
6143,נתניה,5700,597,7244,716,5700,597,6134,644
6144,נתניה,13605,4787,17491,6496,13605,4787,15540,6520
6145,נתניה,5830,1714,7585,2431,5830,1714,5797,1763
6146,נתניה,5908,1734,7715,2493,5908,1734,5731,1707
6147,נתניה,8100,2373,10579,3413,8100,2373,7858,2338
6148,נתניה,5074,857,6168,1232,5074,857,5074,843
6149,נתניה,3512,10721,4256,8927,3512,10721,4484,13284
6150,נתניה,4542,192,4542,225,4542,192,4542,211
6151,נתניה,14300,812,18676,1169,14300,812,14344,779
6152,נתניה,4497,2137,5873,3073,4497,2137,4371,2094
6153,נתניה,4964,717,6042,1031,4964,717,4964,705
6154,נתניה,3736,436,4631,627,3736,436,3736,429
6155,נתניה,3925,331,4848,475,3925,331,3925,326
6156,נתניה,2510,318,3278,456,2510,318,2434,313
6157,נתניה,4090,430,5242,619,4090,430,4090,423
6158,נתניה,5422,300,7082,431,5422,300,5261,296
6159,נתניה,3249,527,3732,756,3249,527,3249,519
6160,נתניה,3864,854,5047,1229,3864,854,3749,841
6161,נתניה,0,11185,0,11185,0,11185,0,17811
6162,נתניה,0,6034,0,5451,0,6034,0,7658
6163,נתניה,0,6070,0,5053,0,6070,0,10602
6164,נתניה,0,14161,0,14161,0,14161,0,20658
6165,נתניה,1723,182,2142,261,1723,182,1723,179
6166,נתניה,3093,53,3553,76,3093,53,3093,52
6167,נתניה,5549,554,7247,796,5549,554,5383,546
6168,נתניה,8446,1840,11031,2646,8446,1840,8194,1811
6169,נתניה,7033,2323,9185,3339,7033,2323,6941,2287
6170,נתניה,3973,501,5108,719,3973,501,3973,493
6171,נתניה,0,164,0,237,0,164,0,162
6201,שפיים,8612,2586,8034,2175,8612,2889,8613,2460
6202,שפיים,13779,3378,12224,2730,13779,3758,14001,3298
6203,שפיים,29332,8150,24723,6274,29332,9020,30363,8124
6204,שפיים,2928,3280,2837,1521,2928,3463,5690,4747
6301,שפיים,7349,1886,7096,1653,7349,2116,7092,1742
6302,שפיים,12793,6400,12352,5560,12793,7177,13064,6485
6303,שפיים,4737,933,4573,818,4737,1048,4571,862
6304,שפיים,6127,1300,5916,1139,6127,1458,5912,1200
6305,שפיים,6059,1788,6059,1781,6059,2008,6059,1781
6306,שפיים,4512,2272,4356,1992,4512,2551,4353,2099
6307,ניצני עוז,1691,690,1923,892,1691,690,1645,660
6308,ניצני עוז,2471,3365,2810,4345,2471,3365,2404,3213
6309,ניצני עוז,2824,492,3212,635,2824,492,2748,470
6310,שפיים,5837,1418,5635,1243,5837,1591,5632,1309
6311,שפיים,2277,1466,2199,1294,2277,1646,2198,1354
6312,שפיים,5635,1730,5441,1517,5635,1943,5437,1598
6402,שפיים,9319,2149,8926,1884,9319,2410,9264,2023
6403,שפיים,0,8682,0,7536,0,9375,0,11279
6404,שפיים,5985,659,5985,599,5985,740,5985,609
6405,שפיים,9229,2344,8910,2055,9229,2630,8905,2164
6410,שפיים,8354,5061,8066,4438,8354,5681,8061,4675
6411,שפיים,8133,2213,7852,1941,8133,2485,7847,2044
6420,שפיים,10467,2589,10105,2270,10467,2906,10100,2392
6421,שפיים,7093,2844,6849,2619,7093,3192,6844,2626
6501,ניצני עוז,19169,6264,21800,8088,19169,6264,18648,5983
6502,ניצני עוז,7006,1249,7968,1589,7006,1249,6816,1249
6503,ניצני עוז,6153,1126,6498,1169,6153,1126,6153,1126
6510,ניצני עוז,9764,1778,11105,2295,9764,1778,9499,1698
6511,ניצני עוז,7505,2756,8536,2906,7505,2756,7301,2756
6512,ניצני עוז,4313,86,4313,86,4313,86,4313,86
6513,ניצני עוז,25373,5271,28819,6570,25373,5271,28014,5742
6514,ניצני עוז,0,534,0,534,0,534,0,534
6515,ניצני עוז,13045,6368,14713,7184,13045,6368,15857,7524
6516,ניצני עוז,15669,3369,17813,4324,15669,3369,15341,3229
6520,ניצני עוז,4410,816,5016,1054,4410,816,4250,751
6521,ניצני עוז,6993,1409,7953,1819,6993,1409,6803,1345
6522,ניצני עוז,4575,1194,5203,1542,4575,1194,4451,1140
6523,ניצני עוז,9494,215,9494,215,9494,215,9494,215
6524,ניצני עוז,4575,2034,5203,2328,4575,2034,4451,2034
6525,ניצני עוז,2251,244,2560,315,2251,244,2190,233
6526,ניצני עוז,1369,115,1369,124,1369,115,1369,115
6527,ניצני עוז,3847,340,4375,439,3847,340,3742,325
6601,שפיים,3773,1880,3642,1648,3773,2111,3704,2440
6602,שפיים,2240,840,2163,737,2240,942,2171,882
6603,שפיים,1505,969,1453,850,1505,1089,1453,895
6604,שפיים,1643,7312,1586,6410,1643,8208,1585,6755
6605,שפיים,3684,2503,3587,2473,3684,2811,3587,2473
6606,שפיים,4607,7614,4447,6676,4607,8546,4592,7921
6701,ניצני עוז,9218,1716,10483,2216,9218,1716,8967,1639
6702,ניצני עוז,10132,2953,11523,3813,10132,2953,9855,2819
6703,ניצני עוז,5169,1019,5490,1049,5169,1019,5169,1019
6704,ניצני עוז,1015,1193,1154,1193,1015,1193,987,1193
6705,ניצני עוז,3663,1010,4166,1304,3663,1010,3566,1138
6706,ניצני עוז,1519,585,1727,617,1519,585,1478,585
6707,ניצני עוז,464,1001,527,1076,464,1001,451,1001
6708,שפיים,10154,3715,9803,3256,10154,4170,9814,3463
7001,ראש העין,2609,1348,3313,1416,2609,1348,2813,1695
7002,ראש העין,2046,647,2435,679,2046,647,1989,573
7003,ראש העין,12367,2109,14718,2212,12367,2109,12020,1868
7004,ראש העין,666,1370,793,1436,666,1370,647,1213
7005,ראש העין,2326,1131,2768,1187,2326,1131,2261,1001
7006,ראש העין,3253,1018,3871,1067,3253,1018,3161,901
7007,ראש העין,8641,2108,10283,2211,8641,2108,7368,1703
7008,ראש העין,1131,467,1346,489,1131,467,1100,414
7009,ראש העין,2879,1135,3427,1191,2879,1135,2799,1005
7010,ראש העין,1726,696,2055,730,1726,696,1678,616
7011,ראש העין,2604,1601,3099,1678,2604,1601,2531,1417
7012,ראש העין,13356,4325,15895,4535,13356,4325,12967,3856
7013,ראש העין,803,1436,955,1505,803,1436,780,1271
7101,ראש העין,21516,4080,25606,4277,21516,4080,20913,3613
7110,ראש העין,10075,3097,11162,2901,10075,3097,10540,2982
7120,ראש העין,0,10380,0,10881,0,10380,0,9190
7121,ראש העין,10311,2811,11787,2955,10311,2811,10851,2712
7122,ראש העין,6092,590,5915,474,6092,590,9462,1001
7123,ראש העין,15312,3920,17570,3975,15312,3920,15686,3706
7124,ראש העין,18545,4484,21280,4547,18545,4484,19009,4245
7125,ראש העין,0,3575,0,1014,0,17560,0,4536
7201,ראש העין,0,2503,0,2807,0,2503,0,4032
7202,ראש העין,1783,5274,1761,5620,1783,5274,2022,5683
7203,ראש העין,0,16810,0,28655,0,16810,0,20504
7205,ראש העין,4188,324,4984,339,4188,324,4070,286
7206,ראש העין,8409,2067,10007,2167,8409,2067,8173,1829
7207,ראש העין,5103,1437,5905,1307,5103,2453,6164,1430
7208,ראש העין,6512,853,7750,894,6512,853,6329,756
7209,ראש העין,8313,1513,9893,1586,8313,1513,8080,1339
7210,ראש העין,5882,1137,7000,1191,5882,1137,5717,1007
7211,ראש העין,14025,2741,16691,2874,14025,2741,13632,2426
7212,ראש העין,7326,1324,8719,1389,7326,1324,7121,1172
7213,ראש העין,5981,486,7117,510,5981,486,5813,431
7214,ראש העין,14114,1906,16797,1998,14114,1906,13718,1688
7215,ראש העין,10887,997,12957,1046,10887,997,10582,883
7216,ראש העין,19320,6466,22993,6778,19320,6466,18778,5725
7217,ראש העין,934,158,1112,166,934,158,908,141
7301,שוהם,19990,9642,37682,11633,19990,9642,19990,9213
7302,שוהם,7004,776,7004,781,7004,776,7004,776
7303,שוהם,5329,1248,7546,1506,5329,1248,5329,1193
7304,שוהם,12857,1138,12857,1164,12857,1138,12857,1138
7305,שוהם,14679,2571,14679,2571,14679,2571,14679,2571
7401,שוהם,5479,2100,6678,2231,5479,2100,5479,2100
7402,שוהם,6620,1260,7011,1345,6620,1260,6620,1260
7403,שוהם,4193,2521,6571,2915,4193,2521,4193,2521
7404,שוהם,4698,2521,6603,2828,4698,2521,4698,2521
7405,שוהם,871,689,1301,721,871,689,871,689
7501,שוהם,5342,5572,7978,6722,5342,5572,5342,5324
7502,שוהם,0,1075,0,1297,0,1075,0,1028
7503,שוהם,0,385,0,465,0,385,0,368
7504,שוהם,0,2223,0,2683,0,2223,0,2125
7505,שוהם,4146,1112,6192,1341,4146,1112,4146,1062
7506,שוהם,975,597,1456,646,975,597,975,597
7507,שוהם,1156,363,1726,439,1156,363,1156,355
7508,שוהם,0,9017,0,9154,0,9017,0,10994
7509,שוהם,901,718,1346,751,901,718,901,718
7510,שוהם,887,230,1325,277,887,230,887,219
7511,שוהם,6158,3375,11608,4071,6158,3375,6158,3224
7512,שוהם,1374,522,2308,630,1374,522,1374,568
7513,שוהם,1921,887,2869,1004,1921,887,1921,887
7514,מודיעין,254,365,254,365,254,365,254,365
7515,מודיעין,3468,1999,3468,2232,3468,1999,3468,2090
7601,מודיעין,12175,1643,12175,1643,12175,1643,12175,1643
7602,מודיעין,12320,14827,9615,11156,12320,14827,17750,20955
7603,מודיעין,6975,4149,7583,3930,6975,4149,7061,4503
7604,מודיעין,5525,1394,6097,1557,5525,1394,4680,1491
7605,מודיעין,8755,2630,9150,2619,8755,2630,7598,2287
7606,מודיעין,8110,107,8110,120,8110,107,8110,112
7607,מודיעין,7114,1593,7852,1779,7114,1593,6060,1712
7608,מודיעין,5033,581,5033,581,5033,581,5033,581
7609,מודיעין,6732,920,6732,920,6732,920,6732,920
7610,מודיעין,63,18668,63,13261,63,18668,127,19709
7611,מודיעין,7535,364,7535,364,7535,364,7535,364
7612,מודיעין,9372,485,9372,485,9372,485,9372,485
7613,מודיעין,9551,364,9551,364,9551,364,9551,364
7614,מודיעין,9117,739,9117,739,9117,739,9117,739
7615,מודיעין,5967,739,5967,739,5967,739,5967,739
7616,מודיעין,7780,2155,8585,2406,7780,2155,6543,2253
7617,מודיעין,0,2625,0,1961,0,2625,0,3183
7619,מודיעין,5835,1492,6439,1665,5835,1492,4907,1560
7630,מודיעין,2360,2823,2360,2823,2360,2823,2360,2823
7631,מודיעין,5852,1958,5852,1958,5852,1958,5852,1958
8001,גזר,1149,1200,1903,1652,1149,1200,1165,1229
8002,גזר,1410,474,2335,651,1410,474,1410,478
8003,גזר,6074,2944,10058,4054,6074,2944,6385,3086
8004,גזר,0,4123,0,3910,0,4123,0,4837
8005,גזר,7999,3650,13247,5025,7999,3650,8236,3782
8006,גזר,5584,1935,9248,2665,5584,1935,5663,1982
8007,גזר,1751,904,2899,1246,1751,904,1775,927
8008,גזר,3135,1382,5192,1903,3135,1382,3179,1416
8009,גזר,5237,2340,8673,3222,5237,2340,5311,2397
8010,גזר,1118,283,1851,389,1118,283,1133,290
8011,גזר,878,269,1454,371,878,269,891,275
8012,גזר,1761,1204,2916,1657,1761,1204,1738,1201
8013,גזר,2746,1345,4548,1851,2746,1345,2814,1391
8014,גזר,2356,909,3903,1251,2356,909,2390,932
8021,גזר,9690,3455,16047,4756,9690,3455,12415,4361
8022,גזר,7340,1766,12024,2433,7340,1766,7363,1809
8101,גן יבנה,8332,3029,7819,2185,8332,3029,8066,2904
8102,גן יבנה,2337,616,2193,444,2337,616,2262,590
8103,גן יבנה,4381,2040,4381,1472,4381,2040,4381,1956
8104,גן יבנה,4895,1671,4593,1206,4895,1671,4738,1602
8105,גן יבנה,8399,3062,7882,2209,8399,3062,8131,2936
8106,גן יבנה,8579,2909,8050,2099,8579,2909,8305,2789
8107,גן יבנה,0,2985,0,3240,0,2985,0,3968
8108,גן יבנה,7412,1447,7412,1447,7412,1447,7412,1447
8109,גן יבנה,8911,2492,8362,1798,8911,2492,8626,2389
8110,גזר,1582,919,2619,1266,1582,919,1604,942
8111,גן יבנה,6759,1704,6759,1704,6759,1704,6759,1704
8112,גן יבנה,1696,571,1592,475,1696,571,1642,547
8120,גן יבנה,10134,4316,9510,3114,10134,4316,9810,4138
8201,יבנה,2097,651,1819,466,2097,651,2104,607
8202,יבנה,1055,2417,915,1726,1055,2417,1059,2250
8203,יבנה,2281,1704,1979,1232,2281,1704,2289,1587
8204,יבנה,625,489,542,355,625,489,627,455
8205,יבנה,1586,613,1375,438,1586,613,1591,570
8206,יבנה,1975,1018,1713,727,1975,1018,1982,948
8210,גזר,1539,570,2549,785,1539,570,1561,584
8211,גזר,2903,1213,4807,1670,2903,1213,2944,1242
8212,גזר,3302,2228,5469,3068,3302,2228,3349,2282
8213,יבנה,12025,3856,10429,2753,12025,3856,12066,3589
8214,גזר,2128,1198,3524,1651,2128,1198,2158,1228
8310,יבנה,0,6259,0,8006,0,6259,0,7830
8311,יבנה,0,9434,0,9727,0,9434,0,9911
8314,יבנה,3421,992,2967,708,3421,992,3433,923
8315,יבנה,5834,1386,5056,1057,5834,1386,6096,1394
8316,יבנה,5871,1315,5088,1003,5871,1315,6699,1372
8317,יבנה,5114,639,4432,487,5114,639,5446,648
8318,יבנה,6897,1883,5978,1411,6897,1883,7425,1887
8319,יבנה,5287,1047,4585,747,5287,1047,5305,974
8320,יבנה,8174,1190,7081,939,8174,1190,11679,1422
8321,יבנה,6095,2229,5285,1592,6095,2229,6115,2075
8322,יבנה,9004,549,7809,392,9004,549,9035,511
8323,יבנה,7363,90,7026,67,7363,90,7145,84
8324,יבנה,0,3573,0,3256,0,3573,0,5118
8325,יבנה,21285,7269,18446,5541,21285,7269,21383,7020
8326,יבנה,1929,479,1673,342,1929,479,1933,446
8327,יבנה,5125,1203,4444,859,5125,1203,5142,1120
8328,גן יבנה,8711,3707,8175,2674,8711,3707,11813,4234
8329,גן יבנה,2995,1619,2811,1492,2995,1619,3003,1578
8330,גן יבנה,5627,3200,5281,2869,5627,3200,5448,3067
8331,גן יבנה,750,271,704,231,750,271,726,259
8340,גן יבנה,13478,4802,12648,3465,13478,4802,13047,4605
8341,גן יבנה,11290,3353,10595,2419,11290,3353,10929,3214
8342,גן יבנה,6447,1183,6050,854,6447,1183,6241,1135
8343,גן יבנה,6480,2158,6081,1851,6480,2158,6273,2069
8401,אשדוד,0,4009,0,4251,0,4009,0,4009
8402,אשדוד,0,4380,0,4646,0,4380,0,4382
8403,אשדוד,0,8497,0,9013,0,8497,0,8500
8404,אשדוד,0,7154,0,7588,0,7154,0,7157
8405,אשדוד,3425,18884,82,20029,3425,18884,3425,18888
8406,אשדוד,7029,3170,6766,2699,7029,3170,7022,3222
8407,אשדוד,7367,1851,6922,1437,7367,1851,7359,1883
8408,אשדוד,8527,2329,8013,1808,8527,2329,8519,2367
8409,אשדוד,4048,692,3804,537,4048,692,4044,703
8410,אשדוד,2887,723,2713,561,2887,723,2884,735
8411,אשדוד,6646,3693,6245,2866,6646,3693,6639,3753
8412,אשדוד,3954,586,3716,455,3954,586,3950,596
8413,אשדוד,6928,1041,6510,808,6928,1041,6921,1058
8414,אשדוד,11142,4330,10470,3360,11142,4330,11130,4400
8415,אשדוד,8794,3808,8264,3074,8794,3808,8785,3870
8416,אשדוד,8359,2084,7855,1617,8359,2084,8350,2118
8417,אשדוד,5624,1097,5285,851,5624,1097,5619,1114
8418,אשדוד,3569,497,3354,386,3569,497,3566,506
8419,אשדוד,6243,1091,5866,847,6243,1091,6236,1109
8420,אשדוד,6068,1204,5702,934,6068,1204,6062,1224
8421,אשדוד,5590,2606,5253,2021,5590,2606,5585,2648
8422,אשדוד,6345,953,5962,739,6345,953,6338,968
8423,אשדוד,6829,1061,6417,823,6829,1061,6822,1078
8424,אשדוד,3678,601,3457,467,3678,601,3675,612
8425,אשדוד,3732,1233,3507,968,3732,1233,3728,1253
8426,אשדוד,2804,608,2634,472,2804,608,2801,618
8427,אשדוד,2781,334,2613,259,2781,334,2778,340
8428,אשדוד,4664,703,4383,546,4664,703,4659,715
8429,אשדוד,6226,6693,5769,7915,6226,6693,6269,6874
8430,אשדוד,7757,2532,7186,2995,7757,2532,7828,2569
8431,אשדוד,7581,2871,7024,3395,7581,2871,7644,2927
8432,אשדוד,5317,2292,4926,2710,5317,2292,5365,2326
8433,אשדוד,6437,2340,5963,2767,6437,2340,6494,2378
8434,אשדוד,5290,823,4971,638,5290,823,5284,836
8435,אשדוד,5546,803,5211,622,5546,803,5540,815
8436,אשדוד,4320,642,4059,499,4320,642,4316,653
8437,אשדוד,5969,828,5609,642,5969,828,5963,841
8438,אשדוד,11536,1773,10841,1376,11536,1773,11522,1802
8439,אשדוד,7291,1357,6852,1053,7291,1357,7284,1380
8440,אשדוד,7291,1391,6852,1079,7291,1391,7284,1414
8441,אשדוד,10123,10683,2307,1986,10123,25684,11655,10874
8442,אשדוד,5068,812,4762,630,5068,812,5063,825
8443,אשדוד,3857,883,3625,686,3857,883,3854,898
8444,אשדוד,11268,2515,10588,2004,11268,2515,11257,2556
8445,אשדוד,8366,1795,7861,1393,8366,1795,8357,1825
8446,אשדוד,11236,1389,10558,1077,11236,1389,11225,1411
8447,אשדוד,8503,1281,7990,994,8503,1281,8494,1302
8448,אשדוד,6286,1504,5907,1166,6286,1504,6280,1528
8449,אשדוד,15323,2406,14399,1867,15323,2406,15307,2444
8450,אשדוד,12687,2285,11922,1773,12687,2285,12675,2321
8451,אשדוד,3525,765,3312,593,3525,765,3545,781
