TAZ,car,hh,population,gil0,gil1,gil2,gil3,gil4,gil5,working,industry,other,service,workplace,LenOrig1,superZone,IntExt
101,10934.7,6243.7,21064.4,2748.1,3056.1,1990.1,3003.7,7495.2,2771.2,12638.5,6004.6,596.9,5285.3,11886.8,20.4,1,2
102,5001,3833.4,10797.8,1884.3,1936.3,1046.3,1260.1,3026.3,1644.6,6243.6,319.8,50.8,506.5,877.1,17.7,1,2
103,567,1166.9,3500,490.8,526.6,317,398.5,1076.6,690.6,2045.8,187.5,38.5,171.4,397.5,16.3,1,2
104,3503.1,2606.5,7558.9,1059.9,1137.2,684.5,860.7,2325.1,1491.5,4393.6,182.6,20.8,300.2,503.7,15.4,1,2
105,6956.2,5250.6,15009.6,2104.6,2258.1,1359.3,1709,4617,2961.6,8577.6,503.9,444,547.6,1495.5,14.9,1,2
106,4660.6,3692.5,10056.4,1410.1,1512.9,910.7,1145,3093.3,1984.2,5217.5,7121,1462.9,6508.8,15092.5,13.9,1,2
107,3643.6,2474,7905.4,1379.5,1417.6,766,922.5,2215.6,1204.1,5014.3,1149.2,265.5,1561.8,2976.6,14.1,1,2
108,3964,2541.3,5962.9,1040.6,1069.3,577.8,695.8,1671.2,908.2,3387.3,1317.7,1096.3,1411.8,3825.8,13.6,1,2
109,4575.5,3102.2,8230.2,1403.3,1462.2,819.4,1004.3,2550.8,990.2,4756,2510.3,159.3,1702.5,4372.1,14.6,1,2
110,7210.1,3378.1,12886.4,2270.8,2484.2,1562.2,1742.2,3521.4,1305.6,7989.4,560.6,1579,852.3,2991.9,16.2,1,2
111,3877,3042,8365.5,1173,1258.5,757.6,952.5,2573.2,1650.6,5017.5,1196.1,245.7,1093.2,2535,11.8,1,2
112,4823.6,3330.6,10408,1459.4,1565.8,942.6,1185.1,3201.5,2053.6,6379.6,1061.6,121.2,1745,2928.1,11.9,1,2
113,472.9,973.3,2919.4,409.3,439.2,264.4,332.4,898,576,1706.4,1285.6,146.7,2113.2,3545.8,11.5,1,2
114,1271.3,1219.1,2743,384.6,412.7,248.4,312.3,843.8,541.2,1536.3,31.7,3.6,52.1,87.4,11.5,1,2
115,8056.9,5869,17384.8,2437.7,2615.5,1574.4,1979.5,5347.6,3430.2,9663.5,2148.4,441.4,1963.7,4553.3,11.1,1,2
116,3680.3,2858.8,7941.2,1113.5,1194.7,719.2,904.2,2442.7,1566.9,4481.9,896,435.2,1239.2,2570.3,11.4,1,2
117,4663.6,2565,10062.9,1411,1513.9,911.3,1145.8,3095.3,1985.5,6257.8,1628.1,790.9,2251.7,4670.6,11.3,1,2
118,2374,1707.5,5122.4,718.3,770.6,463.9,583.2,1575.6,1010.7,2945.7,179.7,87.3,248.5,515.5,11.3,1,2
201,1605.3,1123.4,2782.2,485.5,498.9,269.6,324.7,779.7,423.8,1483.6,305.6,243.6,967,1516.4,11.4,2,2
202,1352,1023.4,3216.2,471.2,524.8,342.7,406.9,951.8,518.8,1962.2,974.7,83.2,303.7,1361.6,11.1,2,2
203,2637.7,2631.2,6274.5,919.2,1023.7,668.6,793.9,1856.8,1012.1,3663.5,341.1,189.4,901.2,1431.7,11,2,2
204,539.6,427.9,1283.6,188.1,209.4,136.8,162.4,379.9,207.1,766.7,660.6,715.2,652.2,2027.8,10.8,2,2
205,1962.7,1380.3,3867.6,674.9,693.6,374.7,451.3,1084,589.1,1958.1,899.6,31.2,624.8,1555.6,10.8,2,2
206,568.1,523.4,1918.4,334.8,344,185.9,223.9,537.7,292.2,1091.4,778.5,324.7,892,1995.1,11.7,2,2
207,3982.7,2065,8948.3,855.5,1089.7,896.1,1450.5,3425.6,1230.9,5442,1361.8,275.4,1274.2,2911.5,11.4,2,2
208,5857,2435.3,9519.9,790.5,1014,842.3,1484.4,3945.9,1442.8,5953,1197.4,1185.3,2347.9,4730.4,11.1,2,2
209,3244.3,1573.2,7294.1,759.9,957,774.2,1097.3,2789.9,915.8,4003,184.9,265.8,607.5,1058.2,11.2,2,2
210,2369.9,1161.2,4647.4,494.8,606.1,470,751,1681.5,643.9,2496.3,580.7,172.1,504.6,1257.4,11,2,2
211,3045.4,1764.3,6407.9,938.8,1045.5,682.8,810.8,1896.3,1033.7,3621.5,415.5,157,428.1,1000.7,10.9,2,2
212,2811.2,1628.6,5915,866.6,965.1,630.3,748.4,1750.5,954.2,3343,383.5,144.9,395.2,923.7,10.8,2,2
213,0,0,0,0,0,0,0,0,0,0,793.4,67.7,247.2,1108.3,10.7,2,2
214,2255.4,1694.3,5365.2,786,875.4,571.7,678.8,1587.7,865.5,3144.7,983,83.9,306.3,1373.2,10.7,2,2
215,3540.8,2512,8422.8,1234,1374.2,897.5,1065.7,2492.6,1358.7,4899,561.2,47.9,174.9,783.9,10.6,2,2
216,2427.7,1766.2,5775,846.1,942.2,615.4,730.7,1709,931.6,3392.1,874.2,74.6,272.4,1221.2,10.6,2,2
217,1624.2,1486,3863.5,566,630.4,411.7,488.8,1143.3,623.2,1918.7,2743,234,854.7,3831.9,10.5,2,2
218,249.9,539.2,1960,287.1,319.8,208.9,248,580,316.2,1126.4,398.4,34,124.1,556.5,12.3,2,2
219,2299.9,1823.7,5471,801.5,892.6,583,692.2,1619.1,882.5,3278.4,185.1,102.8,488.9,776.7,12.7,2,2
220,2122,1682.6,5047.9,739.5,823.6,537.9,638.7,1493.8,814.3,2962.8,236.3,131.2,624.3,991.9,12.1,2,2
221,1788.6,1467.1,4254.6,623.3,694.2,453.4,538.3,1259.1,686.3,2209.1,154.6,85.8,408.3,648.6,11.7,2,2
222,2552.5,2429.3,6071.9,889.6,990.7,647,768.3,1796.9,979.5,3469.6,208.5,115.8,550.7,874.9,11.3,2,2
223,1825,1168.8,4341.2,636,708.3,462.6,549.3,1284.7,700.3,2508,214.6,119.2,566.9,900.6,10.9,2,2
224,0,0,0,0,0,0,0,0,0,0,284.4,157.9,751.2,1193.4,11,2,2
225,4150.7,2622.4,9873.6,1446.5,1611,1052.1,1249.3,2921.9,1592.7,5946,1837,1020.1,4852.6,7709.3,10.7,2,2
226,0,0,0,0,0,0,0,0,0,0,468.8,507.5,462.8,1439.1,10.7,2,2
227,0,0,0,0,0,0,0,0,0,0,1021.7,1106,1008.6,3136.2,10.4,2,2
228,0,0,0,0,0,0,0,0,0,0,928.8,1005.5,916.9,2851.1,11.5,2,2
229,535,719.7,1635,285.3,293.2,158.4,190.8,458.2,249,925.1,181.1,75.5,207.5,464.2,11.2,2,2
230,2041.3,1086.3,4586.4,438.5,558.5,459.3,743.4,1755.8,630.9,2294.1,439.4,88.8,411.1,939.4,11.2,2,2
231,3489.9,1742.5,7841.1,749.7,954.8,785.2,1271,3001.8,1078.6,4268.4,602.1,121.7,563.4,1287.3,10.8,2,2
232,2831.6,1177.4,4602.5,382.2,490.2,407.2,717.7,1907.7,697.5,3079.7,470,465.3,921.6,1856.8,10.7,2,2
233,1914.7,1043.6,4304.8,448.5,564.8,456.9,647.6,1646.5,540.5,2362.4,184,264.4,604.5,1052.9,10.4,2,2
234,0,0,0,0,0,0,0,0,0,0,95.7,36.2,98.6,230.4,11.9,2,2
235,3017.1,1434.9,6783.7,706.7,890,720,1020.5,2594.7,851.7,3722.6,490.7,705.2,1612,2807.9,12.1,2,2
236,2747.6,1544.3,6176.9,643.5,810.4,655.6,929.2,2362.6,775.6,3390.1,60.2,86.5,197.8,344.5,11.7,2,2
237,810,1747.9,6353.2,661.9,833.6,674.3,955.7,2430,797.7,3651,825.5,312,850.6,1988,10.9,2,2
238,810,1747.9,6353.2,661.9,833.6,674.3,955.7,2430,797.7,3651,825.5,312,850.6,1988,11.4,2,2
239,3142,1510.5,6156.7,655.5,802.9,622.7,994.9,2227.6,853,3309.6,1064.7,315.4,925.2,2305.3,11.5,2,2
240,5623.3,2755.4,10694.3,1138.5,1394.7,1081.6,1728.2,3869.5,1481.8,5923.2,1446.4,428.6,1256.9,3131.9,11.1,2,2
241,4287.8,2549.9,9253,985.1,1206.8,935.9,1495.3,3348,1282.1,0,1436.7,425.7,1248.5,3110.8,11,2,2
242,6011.5,2387.3,11079.2,863,1196.4,1098.4,1901.2,4440.8,1579.4,7271.1,1451.2,430,1261,3142.2,11.7,2,2
243,0,0,0,0,0,0,0,0,0,0,0,0,0,0,11.4,2,2
244,754.1,1627.4,5915,866.6,965.1,630.3,748.4,1750.5,954.2,3399.2,523,197.7,538.9,1259.6,14.4,2,2
245,0,0,0,0,0,0,0,0,0,0,1053.6,439.4,1207.1,2700,12.5,2,2
301,6984.9,3520.3,16874.1,3214.6,3442.2,2062.5,2025.4,4774.3,1355.2,8412.4,325.5,579.4,3109.3,4014.3,10.8,3,2
302,0,0,0,0,0,0,0,0,0,0,12892.7,546.4,553.5,13992.5,10.6,3,2
303,1829.4,1806.5,4075.4,550.5,606.2,386.7,472.9,1246.8,812.3,2305.5,1053.8,637.1,1780.7,3471.4,10.6,3,2
304,1607,1257.8,3580,483.6,532.5,339.7,415.4,1095.2,713.5,2217.6,203.5,69.8,192.8,466,10.5,3,2
305,4058.8,1731.2,8244.3,1570.6,1681.8,1007.7,989.6,2332.6,662.1,3678.1,400.2,407.2,2104.9,2912.4,10.4,3,2
306,3420,1579,6045.3,1151.7,1233.2,738.9,725.6,1710.4,485.5,4137.6,3696.3,89.9,774.1,4560.2,10.4,3,2
307,2144.5,1147.4,3798,723.5,774.8,464.2,455.9,1074.6,305,2126.7,771.2,171.9,518.9,1461.9,10.4,3,2
308,0,0,0,0,0,0,0,0,0,0,3163.1,705.1,2128.1,5996.3,10.3,3,2
309,2065.7,864.5,3270,623,667.1,399.7,392.5,925.2,262.6,2324.9,45.8,46.8,622.7,715.2,10.3,3,2
310,6965,3027.9,13155.9,2506.3,2683.7,1608,1579.1,3722.2,1056.6,8053.2,4243.4,103.2,888.7,5235.3,11.9,3,2
311,1409.6,616.8,3290.4,561,584.6,327.6,401.5,1019.8,395.9,1508.6,509.9,113.7,343,966.5,11.3,3,2
312,1622.1,886.8,3270,623,667.1,399.7,392.5,925.2,262.6,1878.3,714.6,159.3,480.8,1354.7,11,3,2
313,3566.8,2002.4,8509.3,1008,1192,872,1321.2,3047.7,1068.4,4899.1,789,410.2,755.2,1954.3,10.9,3,2
314,2642.3,1671.5,6145.1,756.1,875.8,617.4,970.5,2147.7,777.7,3691.9,173.8,248,628.8,1050.5,10.3,3,2
315,6119.8,2796.3,14626.6,1665.8,2025.6,1552.5,2288,5258.2,1836.5,8063.4,925,896.2,2070.2,3891.5,11.4,3,2
316,3121.7,1643.7,8220.5,1091.3,1257.5,878,1291.4,2744.2,958.2,4405.2,161.4,250.3,843.6,1255.3,11.5,3,2
317,3261.3,1561,7005.4,1234.5,1350.5,849.2,947.1,1914.3,709.7,4665.9,464,77.5,594.8,1136.3,11.2,3,2
318,4579.2,2119.5,8032,588.9,806.4,729.4,1269.8,3203.4,1434.2,4689.6,762.2,412.5,1447.3,2622,10.8,3,2
319,1886.3,1089.8,3969,536.1,590.4,376.6,460.5,1214.3,791.1,2308.8,7102.5,301,304.9,7708.4,11.1,3,2
320,0,0,0,0,0,0,0,0,0,0,7824.8,331.6,335.9,8492.3,12,3,2
321,3840,2218.4,8079.8,1091.4,1201.9,766.7,937.5,2471.9,1610.4,4700,746,133.4,382.3,1261.7,12.4,3,2
322,4042.1,2335.2,8505,1148.8,1265.2,807.1,986.8,2602,1695.2,4947.3,785.3,140.4,402.4,1328.1,12.6,3,2
323,2659.6,1975,5924.9,800.3,881.4,562.2,687.5,1812.6,1180.9,3603.8,727.6,439.9,1229.5,2396.8,11.7,3,2
324,1981.8,1924.5,4415,596.4,656.8,419,512.3,1350.7,880,2678.1,150.2,90.8,253.8,494.9,10.2,3,2
325,2488,1911.2,5542.6,748.7,824.5,526,643.1,1695.7,1104.7,3620.6,240.2,145.2,405.9,791.3,11.7,3,2
326,1404.7,971.2,3129.3,422.7,465.5,297,363.1,957.4,623.7,2037.7,278.3,168.2,470.2,916.7,11.7,3,2
327,2303.1,1515.9,5130.7,693,763.2,486.9,595.3,1569.6,1022.6,3248.7,1528.2,923.9,2582.5,5034.4,14.5,3,2
328,2564.4,2056.6,5712.9,771.7,849.8,542.1,662.9,1747.8,1138.6,3796,637.3,385.3,1077,2099.6,12.5,3,2
329,1137.9,771.5,2535,342.4,377.1,240.6,294.1,775.5,505.3,1630.2,61.3,37,103.5,201.8,12.6,3,2
330,1807.6,1150.5,4026.9,543.9,599,382.1,467.2,1232,802.6,2654.8,130.3,78.8,220.3,429.4,12.4,3,2
331,5660.1,4849.8,12609.4,1703.2,1875.7,1196.6,1463,3857.6,2513.2,6651.6,495.4,299.5,837.2,1632,10.4,3,2
332,2509.3,1825.3,5590,755.1,831.5,530.5,648.6,1710.2,1114.2,3225.6,265,160.2,447.8,872.9,10.2,3,2
333,1147.2,2534.3,9149,1235.8,1361,868.2,1061.5,2799,1823.5,5351,844.8,151.1,432.9,1428.7,10.2,3,2
334,3994.3,2620.7,9530,1129,1335,976.6,1479.7,3413.3,1196.6,5189,984.4,511.8,942.3,2438.3,10.3,3,2
335,2703.3,1911,6450.3,764.1,903.6,661,1001.5,2310.2,809.9,3713,718.9,373.8,688.1,1780.7,10.3,3,2
336,5141.3,3252.1,11956.2,1471,1703.9,1201.3,1888.2,4178.6,1513.1,7183.6,400.6,571.6,1449.1,2421.1,10.2,3,2
337,1484.8,837.6,3907.8,518.8,597.8,417.4,613.9,1304.5,455.5,2095.2,89.6,138.9,468.3,696.9,10.2,3,2
338,3134.8,1768.5,8253,1095.6,1262.4,881.5,1296.5,2755,961.9,4423.6,161.9,251,846.2,1259.2,10.2,3,2
401,4386.3,2211.8,9191.4,1041.6,1264.4,966.4,1476.1,3316.5,1126.5,5335.4,241.9,35.7,1127.6,1405.2,10.2,4,1
402,4304.6,2925.6,15203.7,1861.9,2147.5,1502.2,2378.3,5511.2,1802.5,5749.6,998.6,323.6,1056.2,2378.7,10.2,4,1
403,7550.6,4545.9,16044.8,1827.4,2168.5,1596,2488.5,5949.8,2014.5,8655.4,302.2,185.3,488.1,975.5,10.2,4,1
404,3197.7,1902.1,7263.4,777.4,938.3,710.4,1113.2,2768.5,955.5,3822.8,662.2,236.4,1100.2,1999.5,10.2,4,1
405,7272.2,3721.8,15136.3,1438.5,1803.9,1450.2,2309.8,5976.2,2157.8,9417.4,289.2,276.7,814.2,1379.9,10.3,4,1
406,4605.4,2357,9585.6,911,1142.4,918.4,1462.7,3784.6,1366.5,5963.9,681.4,335.8,1021.9,2039.1,10.5,4,1
407,4310.4,2663.3,8970.5,852.5,1069.1,859.4,1368.9,3541.8,1278.8,5581.9,514,1238.7,1884.9,3637.6,11.8,4,1
408,2069.8,1033.9,4308.5,409.5,513.5,412.8,657.5,1701.1,614.2,2680.4,895.6,1032.8,1666,3594.1,10.7,4,1
409,2424.6,1401.7,5046.2,479.6,601.4,483.5,770,1992.4,719.4,3139.8,709.7,583.6,1110.1,2403.6,10.5,4,1
410,1021.7,467.1,1635,311.5,333.5,199.8,196.2,462.6,131.3,1041.1,250.8,0,0,250.8,10.5,4,1
411,2485.8,1689.5,4190.9,513.2,592,414.1,655.6,1519.2,496.9,3320.2,275.3,89.2,291.1,655.7,10.4,4,1
412,2806.9,1664.5,5963.9,679.2,806.1,593.3,925,2211.6,748.8,3217.6,296.5,181.9,478.9,957.2,10.5,4,1
413,2860.8,1657.9,6079.1,692.4,821.6,604.7,942.8,2254.3,763.3,3279.4,1148.7,704.5,1855.2,3707.9,10.4,4,1
414,2429.2,1433.8,5162,587.9,697.7,513.5,800.6,1914.2,648.1,2784.6,347.8,213.3,561.6,1122.5,10.4,4,1
415,7747.8,4211.6,16464,1875.1,2225.2,1637.7,2553.5,6105.2,2067.2,8881.5,909.9,558,1469.5,2937,10.8,4,1
416,124.5,269.7,1035,117.9,139.9,103,160.5,383.8,130,586.2,985.9,604.6,1592.2,3182.3,10.4,4,1
417,2170.3,1152.9,4611,525.2,623.2,458.7,715.2,1709.9,578.9,2080.7,685.4,420.4,1107,2212.5,10.7,4,1
418,2024.4,1182.3,4597.4,492.1,593.9,449.7,704.6,1752.3,604.8,2420.2,419.1,149.6,696.4,1265.6,10.3,4,1
419,3610,2049.8,8199.4,877.6,1059.2,802,1256.7,3125.3,1078.7,4315.7,747.3,266.8,1241.7,2256.6,10.3,4,1
420,0,0,0,0,0,0,0,0,0,0,14.8,14.1,41.6,70.5,11.9,4,1
421,3300.1,1541.9,6868.1,652.7,818.5,658,1048.1,2711.7,979.1,4273.6,190.6,182.3,536.6,909.4,11.6,4,1
422,5613.7,3134.6,11684.3,1110.4,1392.5,1119.4,1783,4613.2,1665.7,7269.6,460.8,531.3,857.1,1849,11.8,4,1
423,3387.9,1762.8,7051.6,670.1,840.4,675.6,1076,2784.1,1005.2,4387.3,1350.9,1110.8,2113.1,4575.1,11.5,4,1
501,1571.9,1345.3,4035.8,464.4,514.2,331.9,469.6,1265.6,990,2499.7,58.9,40.1,183,281.9,11.4,5,1
502,0,0,0,0,0,0,0,0,0,0,0,0,0,0,11.4,5,1
503,2760.6,2430.1,7087.9,815.6,903.1,582.8,824.8,2222.8,1738.8,4050.3,829.9,229.4,1004.6,2063.8,11.1,5,1
504,2212.1,1936.2,5679.5,653.6,723.7,467,660.9,1781.1,1393.2,3493.1,93.4,116.1,938.6,1148.1,11,5,1
505,1854.5,1632.5,4761.4,547.9,606.7,391.5,554,1493.2,1168,2729.8,265.2,304.5,205.4,774.8,10.8,5,1
506,1154,987.6,2962.8,340.9,377.5,243.6,344.8,929.1,726.8,1796.2,48.4,74.1,258.1,380.6,10.7,5,1
507,985.9,843.8,2531.3,291.3,322.5,208.1,294.5,793.8,621,1512.6,115.1,27.3,489.9,632.3,11.3,5,1
508,974.7,883.3,2502.6,288,318.9,205.8,291.2,784.8,613.9,1499.1,0,28.7,500.8,529.5,11.1,5,1
509,1266,1500.2,3250.5,374.1,414.2,267.3,378.2,1019.3,797.4,1499.1,51.1,0,455.6,506.6,11.2,5,1
510,1837.4,1826.1,4717.5,542.9,601.1,387.9,548.9,1479.4,1157.3,2728.1,93.5,310.2,2150.7,2554.4,11.5,5,1
511,1843,1840.2,4731.9,544.5,602.9,389.1,550.6,1483.9,1160.8,2836.1,35.6,29.7,595.8,661.1,11.7,5,1
512,1596.5,1503,4099,471.7,522.3,337.1,477,1285.5,1005.5,2485,68.3,84.9,419.4,572.7,12,5,1
513,2728.1,2573,7004.3,806,892.5,575.9,815,2196.6,1718.2,4254.2,169.5,332.3,740.8,1242.6,11.5,5,1
514,750.6,741.2,1927.3,221.8,245.6,158.5,224.3,604.4,472.8,1161.5,92.2,105.8,71.4,269.3,11.3,5,1
601,3375.3,2296.3,6602,823.9,890.4,545.1,762.7,2026.4,1553.5,3830.9,1231.3,172.2,501.6,1905.1,11.1,6,1
602,2611.8,1352.3,5108.6,637.5,689,421.8,590.2,1568,1202.1,3374.6,243.5,107.1,363.1,713.7,10.9,6,1
603,2536.9,1791.8,4962,619.2,669.2,409.7,573.2,1523,1167.6,2862.1,16.2,1283.3,1261.9,2561.5,11,6,1
604,2226.5,4355,11270,1406.4,1520,930.5,1302,3459.1,2652,6725.2,527.8,141.4,2479.8,3149.1,11.1,6,1
605,2305.2,1628.2,4508.9,562.7,608.1,372.3,520.9,1383.9,1061,2705.8,84.5,361.9,1448.9,1895.3,11.5,6,1
606,3101.6,1930.3,6066.6,757.1,818.2,500.9,700.9,1862,1427.5,3656.1,272.7,95.2,479.7,847.6,11.6,6,1
607,4561.5,4379.9,8922.1,1113.4,1203.3,736.6,1030.7,2738.5,2099.5,5151.4,54.4,125,1013.2,1192.6,11.2,6,1
608,2228.4,1770.7,4358.6,543.9,587.9,359.9,503.5,1337.8,1025.6,2560.6,59.3,152.4,403,614.7,11,6,1
609,1467,1503,2869.3,358.1,387,236.9,331.5,880.7,675.2,1781.9,30.8,98.8,421.2,550.9,11.2,6,1
610,1453,1421,2842,354.7,383.3,234.6,328.3,872.3,668.8,1729.1,188.1,190.1,2004.2,2382.3,11.2,6,1
611,1327.3,956.4,2596.1,324,350.1,214.3,299.9,796.8,610.9,1517.9,160.6,52.6,657.4,870.6,11.2,6,1
612,2801.2,2247.8,5479,683.7,739,452.4,633,1681.7,1289.3,3194.1,250.1,697.5,3453.4,4401.1,13.1,6,1
613,0,0,0,0,0,0,0,0,0,0,6750,0,0,6750,12.6,6,1
701,0,0,0,0,0,0,0,0,0,0,6067,94.6,1060.9,7222.5,12.6,7,1
702,3779.1,2921.5,7735.6,1000.7,1073.7,646.4,920.8,2358.9,1735.2,4435.6,1575.5,6.2,1333.4,2915.1,12.2,7,1
703,2512.5,1695.7,5087,658.1,706.1,425.1,605.5,1551.2,1141.1,3245.6,244.5,6,291.9,542.4,12.7,7,1
704,1308.3,722.4,2648.9,342.7,367.7,221.3,315.3,807.7,594.2,1622.8,0,4003.6,2957.1,6960.7,12.4,7,1
705,3142.4,2313.6,6362.3,823,883.1,531.6,757.3,1940.1,1427.1,3908.2,552.4,42.3,925.7,1520.4,12.1,7,1
706,1439.7,1059.9,2914.9,377.1,404.6,243.6,347,888.8,653.8,1663.4,112.1,23,983.7,1118.8,12.9,7,1
707,2644,2170.2,5353.3,692.5,743,447.3,637.2,1632.4,1200.8,3150.9,432.3,16.4,1698.6,2147.3,12.8,7,1
708,3100.8,2425.7,5647.6,730.6,783.9,471.9,672.2,1722.1,1266.8,3746,289.8,34,727.1,1051,13.7,7,1
709,3993.7,3509,8086,1046,1122.3,675.7,962.5,2465.7,1813.8,4814.3,1004.9,34.4,3215.8,4255.2,13.7,7,1
710,1330.7,1058.5,2800,362.2,388.6,234,333.3,853.8,628.1,1687.6,0,260.8,521.6,782.4,13.8,7,1
711,2510.3,1694.2,5082.5,657.5,705.5,424.7,605,1549.8,1140.1,2882.5,0,36.4,673.7,710.1,13.4,7,1
712,0,0,0,0,0,0,0,0,0,0,0,0,0,0,13.5,7,1
713,221.3,176.1,465.7,60.2,64.6,38.9,55.4,142,104.5,280.7,19.6,13.5,31.9,65.1,13.4,7,1
714,400.5,229.6,803.7,101.7,112.8,73.1,97,230.9,188.3,431.9,349.8,37.3,242.6,629.6,13.1,7,1
715,0,0,0,0,0,0,0,0,0,0,0,0,0,0,13.7,7,1
716,601.8,1219.4,3228.8,417.7,448.2,269.8,384.3,984.6,724.2,1923.6,271.9,187.5,442.8,902.2,13.2,7,1
717,601.8,1219.4,3228.8,417.7,448.2,269.8,384.3,984.6,724.2,1923.6,271.9,187.5,442.8,902.2,13.3,7,1
718,0,0,0,0,0,0,0,0,0,0,0,0,0,0,13.8,7,1
719,0,0,0,0,0,0,0,0,0,0,0,0,0,0,13.3,7,1
720,0,0,0,0,0,0,0,0,0,0,0,0,0,0,12.2,7,1
721,0,0,0,0,0,0,0,0,0,0,0,2626.4,2188.6,4815,12.6,7,1
722,0,0,0,0,0,0,0,0,0,0,0,0,0,0,13.1,7,1
723,0,0,0,0,0,0,0,0,0,0,0,0,0,0,12.5,7,1
724,1064.6,846.8,2240,289.8,310.9,187.2,266.6,683.1,502.5,1350.1,188.7,130.1,307.2,625.9,12.9,7,1
725,634.1,1284.9,3402,440.1,472.2,284.3,404.9,1037.4,763.1,2026.8,286.5,197.5,466.5,950.6,12.2,7,1
726,2332.6,1754.1,4722.6,610.9,655.5,394.6,562.1,1440.1,1059.4,2921,291,27.2,199.7,517.9,12,7,1
727,369.9,420.5,720.9,120.4,134.4,88.1,93,183.8,101.2,413.8,184.7,15.1,229.2,428.9,12.6,7,1
801,1544.6,1018.4,2715.6,343.5,381.1,246.8,327.8,780.1,636.3,1508.6,32.6,39.1,541.2,612.9,11.6,8,1
802,3952.1,2033.7,6948.4,879,975,631.6,838.6,1996.1,1628.1,3495.5,462.9,0,3821.1,4284,12.1,8,1
803,5799.3,4555.8,10196.2,1289.9,1430.8,926.8,1230.6,2929,2389.1,6115.1,49.8,107,1178.2,1335,12.5,8,1
804,4726.2,4066.3,8309.5,1051.2,1166,755.3,1002.9,2387,1947,4935.8,441.3,332.7,1437.1,2211,12,8,1
805,2422,1419.4,4258.3,538.7,597.6,387.1,514,1223.3,997.8,2514.3,111.2,11,475.8,598,11.5,8,1
806,3379.2,2430.5,5941.2,751.6,833.7,540,717.1,1706.7,1392.1,3556.8,136,132.8,1410.8,1679.5,11.3,8,1
807,2349.5,1327.8,4130.8,522.6,579.7,375.5,498.6,1186.6,967.9,2563.4,198.1,19.9,847.5,1065.5,11.3,8,1
808,2204.5,1250.3,3875.8,490.3,543.9,352.3,467.8,1113.4,908.2,2354.9,159.2,101.4,642.4,903,11.7,8,1
809,3774.3,2541.4,6636,839.5,931.2,603.2,800.9,1906.3,1554.9,4064.7,383.5,162.2,554.1,1099.8,12.3,8,1
901,1862.6,1688.5,3904.7,545.3,594.2,370.5,489.5,1173.8,731.4,2379.7,73.2,35.5,436.9,545.5,11.6,9,1
902,2755.2,2182,5775.8,806.6,879,548.1,724.1,1736.2,1081.9,3505.1,113.7,448.3,747.7,1309.8,11.4,9,1
903,3424.6,2028.9,7179.2,1002.6,1092.6,681.3,900,2158.1,1344.8,4271.1,479.3,775.9,1202.3,2457.2,11.7,9,1
904,4104.3,3226.5,8603.9,1201.5,1309.4,816.5,1078.6,2586.3,1611.6,5469.2,562.8,528.8,868.2,1959.8,12.4,9,1
905,0,0,0,0,0,0,0,0,0,0,6155.3,1569.6,2296.1,10021,11.7,9,1
906,3888.1,2763,8150.8,1138.2,1240.4,773.5,1021.8,2450.1,1526.8,4959.1,272.5,160.9,2144.4,2577.8,11.6,9,1
907,2793.8,2342.7,5856.7,817.9,891.3,555.8,734.2,1760.5,1097,3699.9,186.3,226.2,725.9,1138.4,12.7,9,1
908,3109.2,1955.4,6518,910.2,991.9,618.5,817.1,1959.3,1220.9,4063.4,276.9,541.3,1804.3,2622.5,11.7,9,1
909,2620,1776.9,5492.4,767,835.8,521.2,688.5,1651,1028.8,3336.4,143.2,47.3,751.4,942,11.6,9,1
910,5462,3158.7,11450.3,1599,1742.5,1086.6,1435.4,3442,2144.8,7214.2,597.3,748.1,1143.8,2489.2,12,9,1
911,831.7,575.8,1750,244.4,266.3,166.1,219.4,526.1,327.8,1078.9,90,44.8,109.7,244.5,12,9,1
912,1280.1,2683.6,8175.6,1141.7,1244.2,775.8,1024.9,2457.6,1531.4,5037.7,420.6,209.1,512.5,1142.2,12.7,9,1
913,3169.4,1845.6,6644.2,927.8,1011.1,630.5,832.9,1997.2,1244.5,4169.4,1628.4,104.6,1137.3,2870.3,12.3,9,1
914,0,0,0,0,0,0,0,0,0,0,0,0,0,0,11.8,9,1
915,0,0,0,0,0,0,0,0,0,0,0,0,0,0,11.5,9,1
916,2904.7,2011.1,6111.8,853.5,930.1,580,766.2,1837.2,1144.8,3768.1,314.5,156.3,383.1,853.9,11.2,9,1
917,1164.4,806.2,2450,342.1,372.8,232.5,307.1,736.5,458.9,1510.5,126.1,62.7,153.6,342.3,11.6,9,1
918,1164.4,806.2,2450,342.1,372.8,232.5,307.1,736.5,458.9,1510.5,126.1,62.7,153.6,342.3,12.1,9,1
919,0,0,0,0,0,0,0,0,0,0,0,0,0,0,10.8,9,1
920,0,0,0,0,0,0,0,0,0,0,0,0,0,0,10.7,9,1
921,2986.9,1992.3,6261.6,874.4,952.9,594.2,785,1882.2,1172.9,3751.8,307.2,497.2,770.5,1574.7,10.6,9,1
922,0,0,0,0,0,0,0,0,0,0,0,1986.2,5508.8,7495,10.8,9,1
923,0,0,0,0,0,0,0,0,0,0,1005.4,499.7,1224.9,2730,10.6,9,1
924,0,0,0,0,0,0,0,0,0,0,147.3,73.2,179.5,400,10.7,9,1
925,0,0,0,0,0,0,0,0,0,0,1097.2,257,306.4,1660.6,10.8,9,1
1001,287.2,178.8,735,140,149.9,89.8,88.2,208,59,434.3,14.4,6.4,23.3,44.1,10.9,10,2
1002,6187.5,3646.6,14991.7,1904.5,2176.5,1496.3,2352.7,5239.5,1822.3,9267.5,745.1,375.8,1224.5,2345.5,11,10,2
1003,3856.3,2545.9,9884.9,1346.1,1581.9,1144.7,1574.3,3135.1,1102.7,5979.2,643.7,324.7,1057.9,2026.4,11.2,10,2
1004,4200.5,1957.5,10764.2,1465.8,1722.7,1246.6,1714.3,3413.9,1200.8,6512.9,853.3,430.4,1402.3,2686.2,11,10,2
1005,1955.3,647.3,3450.3,665.2,713.8,429.8,381.4,869.2,391,2253.1,320.8,141.1,517.7,979.6,10.9,10,2
1006,4306,2487.2,11036.7,1503,1766.3,1278.1,1757.7,3500.4,1231.2,6676.6,741.9,374.2,1219.4,2335.7,10.7,10,2
1101,2798.2,2667.2,6707.1,1120.6,1250.4,819.8,865.4,1709.9,941.1,4077.7,975.6,89,1040.3,2104.9,10.7,11,1
1102,3490.5,1893.1,6631.3,1107.9,1236.2,810.5,855.6,1690.6,930.5,4193.6,394.4,123,527.9,1045.3,11.3,11,1
1103,1665.3,889.4,4268.9,713.2,795.8,521.8,550.8,1088.3,599,2297,227.6,0,429.7,657.3,11.1,11,1
1104,3331.5,2985.5,16793.5,4350.8,4426.6,2326.9,2001.7,2456.3,1231.2,8427.8,886,491.4,4589.2,5966.9,11.3,11,1
1105,524,637.8,1603.8,268,299,196,206.9,408.9,225,981.9,604.2,111,1122.1,1837.3,11,11,1
1106,1681,1169.5,2940.9,491.4,548.2,359.5,379.5,749.7,412.6,2237.4,184.5,102.3,955.8,1242.7,10.5,11,1
1107,1066,955.3,5373.8,1392.2,1416.5,744.6,640.5,786,394,2696.8,159.6,88.5,826.5,1074.7,11.3,11,1
1201,2445.2,1527.4,5145,0,0,0,0,0,0,0,428.9,166,123.9,718.8,10.7,12,1
1202,0,0,0,0,0,0,0,0,0,0,524,189.8,135.5,849.2,11.3,12,1
1203,0,0,0,0,0,0,0,0,0,0,1841.1,1867.4,5257.7,8966.2,11.1,12,1
1204,0,0,0,0,0,0,0,0,0,0,1049.9,379.9,268.7,1698.5,10.9,12,1
1205,0,0,0,0,0,0,0,0,0,0,229.9,0,0,229.9,11.2,12,1
1206,0,0,0,0,0,0,0,0,0,0,800,0,0,800,11.1,12,1
1207,0,0,0,0,0,0,0,0,0,0,1102.4,398.9,282.1,1783.4,11.5,12,1
1208,0,0,0,0,0,0,0,0,0,0,5508.6,2735,1153.7,9397.3,11.5,12,1
1209,0,0,0,0,0,0,0,0,0,0,2181.1,1057.5,459.2,3697.8,10.9,12,1
1210,0,0,0,0,0,0,0,0,0,0,1105.2,548.9,232.1,1885.9,11.8,12,1
1211,0,0,0,0,0,0,0,0,0,0,405.8,146,123.5,675.3,16.1,12,1
1212,0,0,0,0,0,0,0,0,0,0,281,0,0,281,15,12,1
1213,0,0,0,0,0,0,0,0,0,0,141,0,0,141,15.5,12,1
1214,0,0,0,0,0,0,0,0,0,0,4521.5,525.2,539.5,5586.3,15.1,12,1
1215,962.4,601.2,2025,0,0,0,0,0,0,0,557.5,0,51.8,609.4,16.1,12,1
1216,0,0,0,0,0,0,0,0,0,0,2142.6,249.2,253.7,2645.5,15.9,12,1
1217,0,0,0,0,0,0,0,0,0,0,2500.9,290,295.5,3086.4,14.3,12,1
1218,0,0,0,0,0,0,0,0,0,0,232,895.8,300.9,1428.7,17.9,12,1
1219,0,0,0,0,0,0,0,0,0,0,458.1,1811.3,588,2857.4,17.9,12,1
1220,0,0,0,0,0,0,0,0,0,0,2813.6,2570.7,1759.2,7143.4,19,12,1
1221,0,0,0,0,0,0,0,0,0,0,6183.6,4413.5,1624.9,12221.9,19.5,12,1
1222,0,0,0,0,0,0,0,0,0,0,0,0,0,0,20.3,12,1
1223,0,0,0,0,0,0,0,0,0,0,1125.4,1028.3,703.7,2857.4,21.8,12,1
1224,0,0,0,0,0,0,0,0,0,0,241.4,0,0,241.4,20.4,12,1
1225,320.8,200.4,675,0,0,0,0,0,0,0,733.5,0,55.7,789.2,19.7,12,1
1226,0,0,0,0,0,0,0,0,0,0,1097.1,0,0,1097.1,21.1,12,1
1227,0,0,0,0,0,0,0,0,0,0,187.1,0,0,187.1,13.9,12,1
1302,1516.3,957,2665.9,337.2,374.1,242.3,321.8,765.8,624.6,1487.6,893.2,711.3,2021.9,3626.4,14.6,13,1
1303,855.6,429.8,1504.4,190.3,211.1,136.7,181.6,432.2,352.5,897.5,569.2,267.8,683.7,1520.7,14.3,13,1
1304,1010.8,638,1777.2,224.8,249.4,161.5,214.5,510.5,416.4,1038.8,666.8,618.1,1682.1,2967.1,16.5,13,1
1305,1558.7,843.2,2740.5,346.7,384.6,249.1,330.8,787.3,642.1,1694,293.3,149.4,839,1281.7,16.9,13,1
1306,922,432.3,1621,205.1,227.5,147.3,195.6,465.7,379.8,1009.7,383.2,164,289,836.2,16.3,13,1
1307,0,0,0,0,0,0,0,0,0,0,1892.4,1021,3704.5,6617.9,16,13,1
1308,0,0,0,0,0,0,0,0,0,0,2375.6,133.8,4129,6638.4,13.9,13,1
1309,358.2,160.5,629.7,79.7,88.4,57.2,76,180.9,147.6,0,229.8,249,383.4,862.2,13.6,13,1
1310,1881,843,3307.1,418.4,464.1,300.6,399.1,950,774.9,0,2360.3,502.2,1836.3,4698.9,13.4,13,1
1311,504.1,332.4,886.3,112.1,124.4,80.6,107,254.6,207.7,572.1,265.8,122.6,175,563.4,14,13,1
1312,764.7,359.7,1411.1,178.5,198,128.3,170.3,405.4,330.6,929.9,1560.1,1221.8,5072.4,7854.3,13.9,13,1
1313,35.1,61.7,199.5,25.2,28,18.1,24.1,57.3,46.7,108.2,2810.8,158.3,4885.2,7854.3,13.9,13,1
1401,580.1,408,1020,129,143.1,92.7,123.1,293,239,545.1,772.3,748.4,5227.2,6747.9,14.3,14,1
1402,1020.3,664.4,1793.8,226.9,251.7,163,216.5,515.3,420.3,1133.8,118.3,96.1,487.8,702.2,14.5,14,1
1403,1392.3,979.2,2447.9,309.7,343.5,222.5,295.4,703.2,573.6,1532.5,46.1,76.7,1213.8,1336.7,16.9,14,1
1404,2386.8,1348.8,4196.4,530.9,588.9,381.4,506.5,1205.5,983.3,2666.4,27.6,99.3,447.5,574.3,20.6,14,1
1405,3234.6,1312.7,5687,719.4,798,516.9,686.4,1633.7,1332.5,2763.1,158.5,225.4,467,850.7,19.4,14,1
1406,2136.3,1817.4,3756,475.2,527.1,341.4,453.3,1079,880.1,2442.1,202.2,96.8,180.8,479.8,14.1,14,1
1407,1020.3,664.4,1793.8,226.9,251.7,163,216.5,515.3,420.3,1133.8,276.1,224.1,1138.1,1638.4,14.7,14,1
1408,685.1,401.5,1204.5,152.4,169,109.5,145.4,346,282.2,740.1,534.3,1359.7,1745.8,3639.8,14.5,14,1
1409,1016.6,807.2,1787.3,226.1,250.8,162.5,215.7,513.4,418.8,986.8,131.7,134.7,383.9,650.3,13.5,14,1
1410,1524.9,1210.8,2681,339.2,376.2,243.7,323.6,770.2,628.2,1450.3,245,250.4,714.2,1209.6,31.4,14,1
1411,3300.2,2466,5802.4,734,814.2,527.4,700.3,1666.8,1359.6,3426.4,689.2,233.1,2160.9,3083.2,27.3,14,1
1412,1959.5,1582.9,3445.2,435.8,483.4,313.1,415.8,989.7,807.2,2136.8,68.3,60.7,3015,3144,25.7,14,1
1413,839.8,678.4,1476.5,186.8,207.2,134.2,178.2,424.2,346,903.1,34.6,17.1,440.1,491.9,25.2,14,1
1414,2379.4,1812.8,4183.4,529.2,587,380.3,504.9,1201.8,980.2,2467,136.9,76,241.4,454.2,23.9,14,1
1415,3086.6,1755.7,5426.8,686.5,761.5,493.3,655,1558.9,1271.6,2728.7,298.8,425,880.7,1604.2,23.9,14,1
1416,563.5,396.3,990.8,125.3,139,90.1,119.6,284.6,232.2,529.5,514.9,498.9,3484.8,4498.6,23.6,14,1
1417,456.7,267.7,803,101.6,112.7,73,96.9,230.7,188.2,510.8,287.7,732.2,940.1,1959.9,21,14,1
1418,2666.7,1611.7,4688.6,593.1,657.9,426.2,565.9,1346.9,1098.6,2653.9,103.9,58.4,736,898.3,28.9,14,1
1501,2372,1969.4,4170.5,527.6,585.2,379.1,503.4,1198,977.2,2143.1,582.2,15.7,1796,2393.8,23,15,1
1502,1810.7,1602.8,3809.9,482,534.6,346.3,459.8,1094.5,892.7,2164.7,3108.1,1469.1,2230.9,6808.2,19.2,15,1
1503,0,0,0,0,0,0,0,0,0,0,1185.1,16,2022.3,3223.5,17.2,15,1
1504,1890.8,1292.8,3324.3,420.5,466.5,302.2,401.2,955,778.9,1942.3,574.5,18.9,1586.5,2180,17.9,15,1
1505,3156.7,2611.8,5550.9,702.2,778.9,504.5,670,1594.6,1300.6,3294.6,146.9,82.4,657,886.3,15.1,15,1
1506,4497.8,3212.6,7907.9,1000.4,1109.7,718.8,954.4,2271.7,1852.9,4394.9,444.6,10.4,1181.1,1636,17.5,15,1
1507,2427.7,1659.9,4268.3,540,598.9,388,515.2,1226.1,1000.1,2432,449.7,15.7,1140.1,1605.6,15.1,15,1
1508,1236.1,1022.7,2171.3,274.7,304.7,197.4,262.1,623.7,508.8,1264.8,137.4,56.2,1390.7,1584.3,21.7,15,1
1509,2755.1,1657.1,4844,612.8,679.7,440.3,584.6,1391.5,1135,3065.1,85.4,3.1,310.2,398.7,21.2,15,1
1510,1421.8,999.9,2499.7,316.2,350.8,227.2,301.7,718.1,585.7,1619.8,114.9,17.4,77.3,209.5,18.6,15,1
1511,2939.3,2214.8,5167.8,653.7,725.2,469.7,623.7,1484.5,1210.9,3077.5,148,62.3,703,913.3,20.5,15,1
1512,2747.7,2053.2,4831,611.1,677.9,439.1,583.1,1387.8,1132,2903.1,132.2,6.4,491.4,630,27.7,15,1
1513,3388.3,2803.4,5957.3,753.6,836,541.5,719,1711.3,1395.9,3650.2,92.3,142.5,638.6,873.4,27.3,15,1
1514,3470.5,2760.3,6101.8,771.9,856.2,554.6,736.5,1752.8,1429.7,3791.3,222.3,13.6,580.3,816.1,24.8,15,1
1515,0,0,0,0,0,0,0,0,0,0,2.6,0.4,1,4,23.6,15,1
1516,0,0,0,0,0,0,0,0,0,0,8.2,2.1,45.2,55.5,22.1,15,1
1517,0,0,0,0,0,0,0,0,0,0,12040.3,73.9,2785.8,14900,21,15,1
1518,0,0,0,0,0,0,0,0,0,0,840.2,11681,142.8,12664,27.8,15,1
1519,2328.8,2061.4,4900,619.9,687.6,445.4,591.4,1407.6,1148.1,2784,500.1,236.4,358.9,1095.3,18.8,15,1
1520,179.2,124.6,315,39.8,44.2,28.6,38,90.5,73.8,0,0,0,1669.5,1669.5,21.2,15,1
1521,3102.3,5600.9,13251,1676.3,1859.5,1204.4,1599.3,3806.6,3104.9,7336.9,846.3,400,607.5,1853.8,19.9,15,1
1522,197.6,137.4,347.4,43.9,48.8,31.6,41.9,99.8,81.4,0,201.4,2.2,53,256.5,22.7,15,1
1523,3273.8,1918.7,5756,728.2,807.7,523.2,694.7,1653.5,1348.7,3429.8,350.5,21.4,914.9,1286.7,24.3,15,1
1524,0,0,0,0,0,0,0,0,0,0,1003.6,474.4,720.4,2198.4,24.5,15,1
1601,2856.5,2295.9,5023.1,635.4,704.9,456.6,606.3,1443,1177,3060.4,317,187,745.9,1249.9,27.7,16,1
1602,3808.3,2710.2,6695.7,847,939.6,608.6,808.1,1923.5,1568.9,4003.2,221.6,136.4,2168.6,2526.7,29.7,16,1
1603,1568.6,1118.1,2757.9,348.9,387,250.7,332.9,792.3,646.2,1581.5,33.1,55.2,713.3,801.5,31.7,16,1
1604,3015.1,1903,5301.1,670.6,743.9,481.8,639.8,1522.8,1242.1,2982.3,144.2,14.4,714,872.6,20.1,16,1
1605,2951.3,2358.6,5189,656.4,728.1,471.6,626.3,1490.6,1215.8,2813,172.6,448.7,1113.7,1735,17.4,16,1
1606,1568.6,1118.1,2757.9,348.9,387,250.7,332.9,792.3,646.2,1581.5,49.6,82.8,1069.8,1202.3,28.8,16,1
1607,5544.4,4068.8,9748.1,1233.2,1367.9,886,1176.5,2800.3,2284.1,5620.4,798.2,275.6,1342.1,2415.9,24.4,16,1
1608,2095.2,2384.7,3683.8,466,516.9,334.8,444.6,1058.2,863.2,1947.2,421.8,823,3578.3,4823.2,27,16,1
1609,1184.4,825.1,2082.3,263.4,292.2,189.3,251.3,598.2,487.9,1165,106,119.7,1319.2,1544.9,25.6,16,1
1610,4737.5,3300.3,8329.4,1053.7,1168.8,757.1,1005.3,2392.8,1951.7,4287,45.3,51.5,565.3,662.1,28.5,16,1
1611,3632.9,3193.7,6387.3,808,896.3,580.6,770.9,1834.9,1496.6,3693.9,377.8,247.9,1847.6,2473.4,25,16,1
1612,3254.9,2030.7,5722.8,724,803.1,520.2,690.7,1644,1340.9,3338.7,102.4,54.9,509.4,666.6,22.1,16,1
1613,3160.4,2682.5,5556.6,702.9,779.7,505.1,670.7,1596.2,1302,3551.8,88.6,47.4,440.6,576.6,24.6,16,1
1614,3716.9,2359.9,6535,826.7,917,594,788.7,1877.3,1531.2,3835.9,340.7,46.4,632.6,1019.7,25.1,16,1
1615,2582.9,1651.4,4541.3,574.5,637.3,412.8,548.1,1304.6,1064.1,2397.5,104.8,153,1473.5,1731.3,25.3,16,1
1616,4232.2,3307.1,7441,941.3,1044.2,676.3,898.1,2137.6,1743.5,3899.4,355.7,407.6,6420.9,7184.1,24.6,16,1
1617,2678.4,1700.5,4709.1,595.7,660.8,428,568.4,1352.8,1103.4,2846,1012.8,462.3,2884.4,4359.5,28.4,16,1
1618,3098.9,2235.3,5448.5,689.3,764.6,495.2,657.6,1565.2,1276.7,2965.6,305.2,139.2,873,1317.3,27.4,16,1
1619,3137.4,2173,5516.2,697.8,774.1,501.4,665.8,1584.6,1292.5,3151.7,115,815.9,1014.1,1945,26.3,16,1
1620,2349.5,1457.9,4130.8,522.6,579.7,375.5,498.6,1186.6,967.9,2514.3,186.5,42.6,331.5,560.6,26.6,16,1
1621,1338.6,920.9,2353.4,297.7,330.2,213.9,284,676.1,551.4,1271,259,26.3,227.5,513.2,27,16,1
1622,2453.7,1589.4,4314,545.7,605.4,392.1,520.7,1239.3,1010.8,2112,416.3,20,155.8,592.2,27.4,16,1
1623,3218,2046.5,5657.9,715.8,793.9,514.3,682.9,1625.3,1325.7,3441.2,557.9,178.3,712.8,1449,25.1,16,1
1624,358.3,254.9,630,79.7,88.4,57.3,76,181,147.6,586.8,883.8,642.4,6461.7,7988,20.7,16,1
1625,1408.6,874.1,2476.6,313.3,347.5,225.1,298.9,711.4,580.3,1431.8,88.3,9.4,106.8,204.6,18.7,16,1
1626,870.9,764.8,1832.5,231.8,257.2,166.6,221.2,526.4,429.4,1068.5,80.7,61,409.9,551.5,20.6,16,1
1627,0,0,0,0,0,0,0,0,0,0,0,0,0,0,23.2,16,1
1628,509,894.8,2160,273.3,303.1,196.3,260.7,620.5,506.1,1229.2,44.1,33.4,224.3,301.8,23,16,1
1629,0,0,0,0,0,0,0,0,0,0,0,0,0,0,22.3,16,1
1630,2499,1997.1,4393.6,555.8,616.5,399.4,530.3,1262.1,1029.5,2521.8,503.3,703.5,2676.1,3883,28.9,16,1
1631,1343.5,1049.8,2362,298.8,331.5,214.7,285.1,678.5,553.5,1185.5,33.2,27,1302.2,1362.3,27.1,16,1
1632,1355,1058.8,2382.3,301.4,334.3,216.5,287.5,684.4,558.2,1280.7,28.3,19.4,252.1,299.8,25.1,16,1
1633,586.6,458.4,1031.4,130.5,144.7,93.7,124.5,296.3,241.7,541.9,25,15.7,341.7,382.4,27.6,16,1
1634,443.6,356.5,779.2,98.6,109.3,70.8,94,223.8,182.6,450.1,18.9,0,79.5,98.4,26.8,16,1
1635,1449.9,886.6,1663.2,210.4,233.4,151.2,200.7,477.8,389.7,1395.9,0,18.8,146.4,161.4,30,16,1
1636,1449.9,886.6,1663.2,210.4,233.4,151.2,200.7,477.8,389.7,1395.9,23.6,6.1,131.8,161.4,23.7,16,1
1637,878.3,771.2,1848,233.8,259.3,168,223,530.9,433,1077.5,0,0,0,0,26.8,16,1
1638,690.3,606.2,1452.5,183.7,203.8,132,175.3,417.3,340.3,846.9,0,0,0,0,28.8,16,1
1639,1602.6,1102.6,2817.6,356.4,395.4,256.1,340.1,809.4,660.2,1521.7,250.1,25.4,219.7,495.5,20.4,16,1
1640,1169.6,1027.1,2461,311.3,345.3,223.7,297,707,576.6,1434.9,0,0,0,0,17.7,16,1
1641,1274.5,779.4,1462,184.9,205.2,132.9,176.5,420,342.6,1227,82.9,21.5,463.5,567.7,16.3,16,1
1701,384.8,253.9,676.4,85.6,94.9,61.5,81.6,194.3,158.5,418.9,93.2,6.6,65.3,164.9,15.4,17,1
1702,690.6,546.4,1214.3,153.6,170.4,110.4,146.6,348.8,284.5,762.9,18.3,4.9,146.7,169.6,14.9,17,1
1703,1050.8,760.7,1847.4,233.7,259.2,167.9,223,530.7,432.9,1101.4,1111.4,46.4,215.6,1373.5,13.9,17,1
1704,289.1,233,508.3,64.3,71.3,46.2,61.4,146,119.1,285.6,50.7,66.3,31.7,148.7,14.1,17,1
1705,1791.5,984.3,3149.9,398.5,442,286.3,380.2,904.9,738.1,2104.3,9.2,4.8,96.6,110.6,13.6,17,1
1706,892.2,608.3,1568.7,198.4,220.1,142.6,189.3,450.6,367.6,904.8,31,149.2,205.1,385.4,14.6,17,1
1707,1429,1103,2512.4,317.8,352.6,228.4,303.2,721.7,588.7,1376.8,154.3,56.6,300.5,511.4,16.2,17,1
1708,369.7,196.1,650,82.2,91.2,59.1,78.4,186.7,152.3,396.8,338.3,139.2,254.2,731.7,11.8,17,1
1709,0,0,0,0,0,0,0,0,0,0,0,1229.9,1043.7,2273.5,11.9,17,1
1710,1933.7,1335.7,3399.8,430.1,477.1,309,410.3,976.7,796.6,2008.1,135.1,55.6,101.6,292.3,11.5,17,1
1711,1556.9,1064.5,2737.4,346.3,384.1,248.8,330.4,786.4,641.4,1551.2,0,107.4,319.7,427.1,11.5,17,1
1712,1015.2,675.4,1784.9,225.8,250.5,162.2,215.4,512.7,418.2,1010.1,258.4,190.6,567.2,1016.2,11.1,17,1
1713,738,544.1,1297.4,164.1,182.1,117.9,156.6,372.7,304,638.5,32.1,125.9,345.8,503.8,11.4,17,1
1714,1191.5,937.2,2094.9,265,294,190.4,252.8,601.8,490.9,990.8,19.5,34.9,327.1,381.6,11.3,17,1
1715,2786.9,2694.9,4899.8,619.8,687.6,445.4,591.4,1407.5,1148.1,3186.5,33.1,66,589,688.1,11.3,17,1
1716,1457.4,1153.1,2562.4,324.2,359.6,232.9,309.3,736.1,600.4,1611.3,251,108.4,231.7,591.2,11.4,17,1
1717,1252.6,786.5,2202.2,278.6,309,200.2,265.8,632.6,516,1384,119.4,7.3,57.9,184.6,11.1,17,1
1718,5279.3,2195.7,9281.9,1174.2,1302.5,843.7,1120.3,2666.4,2174.9,8004.7,1462.9,501.4,5850.6,7814.9,11,17,1
1719,289.2,209.4,508.5,64.3,71.4,46.2,61.4,146.1,119.1,281.1,164.5,103.1,488.5,756.1,10.8,17,1
1720,666.9,1172.6,2968,375.5,416.5,269.8,358.2,852.6,695.4,1797.4,107.6,62.1,245,414.7,10.8,17,1
1721,384.8,253.9,676.4,85.6,94.9,61.5,81.6,194.3,158.5,418.9,73.1,5.2,51.2,129.2,11.7,17,1
1722,384.8,338.2,676.4,85.6,94.9,61.5,81.6,194.3,158.5,418.9,93.2,6.6,65.3,164.9,11.4,17,1
1723,650,514.3,1142.8,144.6,160.4,103.9,137.9,328.3,267.8,718,17.2,4.6,138.1,159.7,11.1,17,1
1724,650,514.3,1142.8,144.6,160.4,103.9,137.9,328.3,267.8,718,17.2,4.6,138.1,159.7,11.2,17,1
1725,650,514.3,1142.8,144.6,160.4,103.9,137.9,328.3,267.8,718,17.2,4.6,138.1,159.7,11,17,1
1726,494.5,358,870,110.1,122.1,79.1,105,249.9,203.8,480.6,348.9,14.6,67.7,431.2,10.9,17,1
1727,988.9,716,1738.8,220,244,158,209.9,499.5,407.4,1036.6,1046,43.7,202.9,1292.7,10.8,17,1
1728,494.5,358,870,110.1,122.1,79.1,105,249.9,203.8,480.6,348.9,14.6,67.7,431.2,10.7,17,1
1729,578.2,465.9,1016.6,128.6,142.7,92.4,122.7,292,238.2,551.7,30.9,19.4,91.8,142,10.7,17,1
1730,578.2,465.9,1016.6,128.6,142.7,92.4,122.7,292,238.2,551.7,30.9,19.4,91.8,142,10.6,17,1
1731,556.5,244.6,978.4,123.8,137.3,88.9,118.1,281.1,229.2,616.6,35.5,20.5,80.7,136.7,10.6,17,1
1732,1611.9,885.6,2833.9,358.5,397.7,257.6,342,814.1,664,1893.2,86.1,54,255.8,395.9,10.5,17,1
1733,802.7,547.3,1411.3,178.5,198,128.3,170.3,405.4,330.7,814.1,75.4,47.3,224,346.7,12.3,17,1
1734,955,651.1,1679.1,212.4,235.6,152.6,202.7,482.3,393.4,968.5,89.7,56.2,266.5,412.5,12.7,17,1
1735,955,651.1,1679.1,212.4,235.6,152.6,202.7,482.3,393.4,968.5,89.7,56.2,266.5,412.5,12.1,17,1
1736,1529.5,1180.6,2689.2,340.2,377.4,244.4,324.6,772.5,630.1,1473.7,81.7,51.2,242.8,375.7,11.7,17,1
1737,791.4,419.9,1391.4,176,195.3,126.5,167.9,399.7,326,821.2,113.6,71.2,337.4,522.1,11.3,17,1
1738,791.4,419.9,1391.4,176,195.3,126.5,167.9,399.7,326,821.2,148.9,93.3,442.3,684.5,10.9,17,1
1739,543.3,361.4,955.3,120.8,134,86.8,115.3,274.4,223.8,495.8,59.2,37.1,175.7,271.9,11,17,1
1740,271.7,180.7,477.6,60.4,67,43.4,57.6,137.2,111.9,247.9,103.4,64.8,307.1,475.3,10.7,17,1
1741,271.7,180.7,477.6,60.4,67,43.4,57.6,137.2,111.9,247.9,0,0,0,0,10.7,17,1
1742,271.7,180.7,477.6,60.4,67,43.4,57.6,137.2,111.9,247.9,59.2,37.1,175.7,271.9,10.4,17,1
1743,761.4,506.5,1338.6,169.3,187.8,121.7,161.6,384.5,313.7,694.7,165.8,103.9,492.4,762.1,11.5,17,1
1744,526.6,388.2,925.8,117.1,129.9,84.2,111.7,266,216.9,477.5,58.7,36.8,174.2,269.6,11.2,17,1
1745,789.9,582.4,1388.7,175.7,194.9,126.2,167.6,398.9,325.4,683.4,58.7,36.8,174.2,269.6,11.2,17,1
1746,526.6,388.2,925.8,117.1,129.9,84.2,111.7,266,216.9,477.5,58.7,36.8,174.2,269.6,10.8,17,1
1747,637.7,501.6,1121.2,141.8,157.3,101.9,135.3,322.1,262.7,574,161.2,101,478.8,740.9,10.7,17,1
1748,637.7,501.6,1121.2,141.8,157.3,101.9,135.3,322.1,262.7,574,34.1,21.4,101.2,156.6,10.4,17,1
1749,637.7,501.6,1121.2,141.8,157.3,101.9,135.3,322.1,262.7,574,44.4,27.8,131.9,204.2,11.9,17,1
1750,698.6,438.7,1228.3,155.4,172.4,111.6,148.2,352.8,287.8,808.6,49.8,31.2,147.8,228.8,12.1,17,1
1751,0,0,0,0,0,0,0,0,0,0,0,0,0,0,11.7,17,1
1801,0,0,0,0,0,0,0,0,0,0,1837,1898.9,4429.1,8164.3,10.9,18,1
1802,1037.2,2079,5301.5,646.4,731.1,492.5,698.2,1676.7,1056.6,3327.8,116.7,120.6,281.3,518.5,11.4,18,1
1803,985.9,892.5,1976.2,241,272.5,183.6,260.3,625,393.9,1108.8,568.2,1265.2,2452.1,4285.3,11.5,18,1
1804,1646.7,1959.8,3300.7,402.5,455.2,306.6,434.7,1043.9,657.9,2131.8,28.9,15.1,274.5,318.5,11.1,18,1
1805,4567.9,3752.4,9155.9,1116.4,1262.6,850.5,1205.8,2895.7,1824.9,5932.9,159.6,223.8,813.8,1197.2,11,18,1
1806,1662.8,937.4,3332.8,406.4,459.6,309.6,438.9,1054.1,664.3,2255.4,31.2,39.7,492,562.8,11.7,18,1
1807,2226.2,1414.9,4462.3,544.1,615.3,414.5,587.7,1411.3,889.4,2560.7,51.2,23.2,169.2,243.6,11.4,18,1
1808,1037.2,2079,5301.5,646.4,731.1,492.5,698.2,1676.7,1056.6,3327.8,142.6,56.7,541.3,740.7,14.4,18,1
1809,0,0,0,0,0,0,0,0,0,0,978,497.1,1067.4,2542.5,12.5,18,1
1810,0,0,0,0,0,0,0,0,0,0,0,0,0,0,10.8,18,1
1811,0,0,0,0,0,0,0,0,0,0,87.6,57.5,104,249,10.6,18,1
1812,0,0,0,0,0,0,0,0,0,0,632.9,415.7,751.7,1800,10.6,18,1
1813,0,0,0,0,0,0,0,0,0,0,973.7,639.6,1156.5,2769.2,10.5,18,1
1814,0,0,0,0,0,0,0,0,0,0,632.9,415.7,751.7,1800,10.4,18,1
1815,1153.6,2312.3,5896.5,719,813.1,547.7,776.5,1864.9,1175.2,3701.3,417.3,668,1291.4,2376.7,10.4,18,1
1816,1829.5,1656.1,3667.1,447.1,505.7,340.7,482.9,1159.8,730.9,2057.6,396.1,881.9,1709.3,2987.2,10.4,18,1
1817,2201.7,1348.4,4413,538.1,608.5,409.9,581.2,1395.7,879.6,2823.5,20.5,26.1,323.4,369.9,10.3,18,1
1901,2929.6,1651.4,6788.7,819.7,968.3,707,1046.1,2381.6,865.9,4175.6,233.3,209.4,636.1,1078.7,10.3,19,2
1902,3558.2,1984.4,10337.1,1992.9,2138.5,1287.6,1142.5,2604.3,1171.3,6222.3,184.1,192.8,691,1068,11.9,19,2
1903,2324.9,1147.5,5410,671.8,793.7,579.6,823.7,1872.7,668.4,3312.8,624.7,238.8,579.3,1442.7,11.3,19,2
1904,4133.4,2378.8,10942.3,1352.5,1604.2,1179.7,1764.6,3678.3,1362.9,6648.2,503.5,303.7,1063.4,1870.7,11,19,2
1905,3165.2,1775.9,8288.8,929.8,1160.7,926.8,1289.7,2990.8,991,5110.2,786.3,183,643.6,1612.9,10.9,19,2
1906,3501,2213.4,9148.1,973.9,1219,977.1,1418.8,3383.2,1176,5862.5,530.2,218.4,682.7,1431.3,10.3,19,2
1907,3922.8,2911.8,10838.4,1426.4,1641.4,1143.2,1738.8,3647,1241.6,6671.1,949.5,151,529.2,1629.7,11.4,19,2
1908,1766.7,1012.5,3712.3,342.2,434.5,355.7,567.7,1434.8,577.5,2241.8,217.4,146,314.2,677.7,11.5,19,2
1909,4823.6,2917.9,10135.8,934.3,1186.3,971.1,1550.1,3917.4,1576.7,6260.1,4220.6,1812.7,3781.6,9814.9,11.2,19,2
1910,1649,787.5,3465.1,319.4,405.5,332,529.9,1339.2,539,2031.6,37,34.4,45.1,116.5,10.8,19,2
1911,2059,1112,4670,502.5,616.2,478.6,722,1741.1,609.7,2826.9,203.2,141.9,276.2,621.3,11.1,19,2
1912,3328.3,1753.8,7541.8,919.3,1082.2,785.4,1197.4,2655.9,901.7,4299,258.4,324.9,687.7,1270.9,12,19,2
1913,2535.8,1289.9,5876.4,709.6,838.2,612,905.5,2061.6,749.6,2983,207,185.8,564.4,957.2,12.4,19,2
1914,3117.5,1806.1,7224.8,872.4,1030.5,752.4,1113.3,2534.6,921.6,3667.4,248,222.5,676,1146.5,12.6,19,2
1915,0,0,0,0,0,0,0,0,0,0,1067.8,408.2,990.2,2466,11.7,19,2
1916,4939.5,2554.1,11493.8,1427.3,1686.2,1231.5,1750.1,3978.7,1420.1,7038.5,599.3,229.1,555.7,1383.9,10.2,19,2
1917,6766.2,3587.2,15743.4,1955,2309.6,1686.8,2397.1,5449.7,1945.2,9641.3,332.2,127,308.1,767.2,11.7,19,2
1918,2145.7,1465.6,5617.6,630.2,786.7,628.1,874.1,2027,671.6,3464.2,375.3,87.4,307.2,769.8,11.7,19,2
1919,2231.1,1460.4,5841.5,655.3,818,653.1,908.9,2107.7,698.4,3602.1,306.6,71.4,251,628.9,14.5,19,2
1920,0,0,0,0,0,0,0,0,0,0,184.4,76,237.4,497.7,12.5,19,2
1921,3451.5,2066.9,9019.9,960.3,1201.9,963.4,1398.9,3335.8,1159.6,5779.7,1313.9,541.2,1691.7,3546.6,12.6,19,2
1922,2910.6,1901.5,7606,809.8,1013.5,812.4,1179.7,2812.9,977.8,4032.5,440.9,181.6,567.6,1190,12.4,19,2
1923,4750.1,2544.3,9981.5,920.1,1168.2,956.3,1526.5,3857.8,1552.7,6092.8,918.7,616.7,1327.6,2863.3,10.4,19,2
1924,15893.1,10420.4,33396.3,3078.4,3908.6,3199.6,5107.3,12907.4,5195,20224.4,1982,1330.6,2864.3,6177.3,10.2,19,2
1925,5493.9,3148.5,11544.3,1064.1,1351.1,1106,1765.5,4461.8,1795.8,7076.6,628,421.6,907.5,1957.2,10.2,19,2
1926,3745.9,1935.1,7871.3,725.6,921.2,754.1,1203.8,3042.2,1224.4,4824,2621.3,1125.8,2348.7,6095.9,10.3,19,2
1927,3078.3,1754.2,6468.5,596.2,757,619.7,989.2,2500,1006.2,3933.7,2137.7,918.1,1915.4,4971.2,10.3,19,2
1928,1183.1,776.9,2486.1,229.2,291,238.2,380.2,960.9,386.7,1491,1522.6,653.9,1364.2,3540.7,10.2,19,2
1929,3233.6,1874.4,6794.7,626.3,795.2,651,1039.1,2626.1,1057,4208.7,931.8,400.2,834.9,2166.9,10.2,19,2
1930,2767.8,1661.7,5816,536.1,680.7,557.2,889.4,2247.8,904.7,3605.9,769.2,715.1,937.7,2421.9,10.2,19,2
1931,4122.2,2165.5,8662.1,798.4,1013.8,829.9,1324.7,3347.8,1347.4,5149.8,215.2,200.1,262.4,677.7,10.2,19,2
1932,2259.3,700.8,4747.4,437.6,555.6,454.8,726,1834.8,738.5,2713.7,277.7,258.2,338.6,874.5,10.2,19,2
1933,4179.5,2464.9,9479.7,1020.1,1250.8,971.4,1465.5,3534.3,1237.6,5738.2,699.9,488.9,951.7,2140.6,10.2,19,2
1934,3925,2064.4,8902.6,958,1174.6,912.3,1376.3,3319.1,1162.3,5388.7,687.7,480.4,935.2,2103.4,10.2,19,2
1935,2181.9,1074.7,4944.1,602.6,709.4,514.9,784.9,1741.1,591.1,2406.7,202.4,254.5,538.8,995.7,10.3,19,2
1936,2319.1,1186.5,5255.2,640.6,754.1,547.3,834.3,1850.6,628.3,2866.2,180,226.4,479.2,885.6,10.5,19,2
1937,630.7,199.8,1353.6,261,280,168.6,149.6,341,153.4,771.3,150.4,77.9,176.7,405,11.8,19,2
1938,5262.8,2814.1,12911.6,1610.7,1912.6,1409.2,2125.2,4374.8,1479.1,8124.1,929.9,481.6,1092.9,2504.3,10.7,19,2
2001,1142.8,936.3,2404.5,298.7,336.5,225,275,739.6,529.7,1432.4,5862.8,0,0,5862.8,10.5,20,2
2002,5417.9,4799.2,11530.3,1432.3,1613.6,1078.8,1318.6,3546.7,2540.3,6696.1,603.6,866.3,3714.8,5184.7,10.5,20,2
2003,1972.1,2030.7,4196.9,521.3,587.3,392.7,480,1291,924.6,2148.7,250.1,359,1539.4,2148.5,10.4,20,2
2004,5931.1,4961.3,12622.5,1568,1766.5,1181,1443.5,3882.7,2780.9,8036.2,976.4,65.9,339.3,1381.6,10.5,20,2
2005,6092.6,4802.3,12966.1,1610.6,1814.5,1213.1,1482.8,3988.4,2856.6,8325.9,3121.4,446.1,1282.3,4849.8,10.4,20,2
2006,0,0,0,0,0,0,0,0,0,0,5838.2,0,0,5838.2,10.4,20,2
2007,3487.6,2988.8,7422.1,922,1038.7,694.4,848.8,2283.1,1635.2,4557.9,1259.8,85,437.8,1782.6,10.8,20,2
2008,1806.8,1478.9,3845.1,477.6,538.1,359.8,439.7,1182.8,847.1,2249.3,259.3,36.6,250,545.9,10.4,20,2
2009,3417,2709.2,7272,903.3,1017.7,680.4,831.6,2236.9,1602.1,4585.5,1526.5,103,530.5,2160,10.7,20,2
2010,25.4,21,54,6.7,7.6,5.1,6.2,16.6,11.9,0,3529.7,498.9,3402.6,7430.9,10.3,20,2
2011,3584.3,3052.1,7628,947.5,1067.5,713.7,872.4,2346.4,1680.5,4478.6,1081.1,72.9,375.7,1529.7,10.3,20,2
2012,4424.3,3042,9415.6,1169.6,1317.7,880.9,1076.8,2896.2,2074.4,5325.8,860.3,123,353.4,1336.7,11.9,20,2
2013,0,0,0,0,0,0,0,0,0,0,179.8,12.1,62.5,254.5,11.6,20,2
2101,5710.9,2641.2,11171.9,2153.8,2311.2,1391.6,1234.8,2814.6,1265.9,6728.5,1088.8,195.1,2465,3748.9,11.8,21,2
2102,4450,2869.6,12148.3,2217.1,2283.8,1241.9,1377.2,3457.4,1570.9,7453.3,419.3,679.6,1238.9,2337.8,11.5,21,2
2103,9905.9,4196.1,13241.7,2416.7,2489.3,1353.7,1501.1,3768.6,1712.3,9347,1035.7,310.4,1891.9,3238,11.4,21,2
2104,0,0,0,0,0,0,0,0,0,0,3680.3,1280.6,5164.1,10125,11.4,21,2
2105,4465,3768,10820.9,1665.7,1834.8,1171.1,1298.8,3061.6,1788.8,6326.2,2781.6,901.6,3060.8,6743.8,11.1,21,2
2106,4099.7,2891.1,9935.6,1529.4,1684.7,1075.3,1192.6,2811.1,1642.5,5948.8,1731.4,602.5,2429.5,4763.4,11,21,2
2107,4490.9,2847.5,8449,1542,1588.3,863.7,957.8,2404.6,1092.6,4920.2,608.6,536.9,2216.4,3362,10.8,21,2
2108,1798.5,1410.2,4358.6,670.9,739.1,471.7,523.2,1233.2,720.5,2489.4,1018.6,330.1,1120.8,2469.5,10.7,21,2
2109,3151.6,2318.6,7637.9,1175.7,1295.1,826.6,916.8,2161,1262.6,4862.7,1744.5,565.4,1919.6,4229.5,11.3,21,2
2110,3779.6,2748,9159.9,1410,1553.2,991.4,1099.4,2591.7,1514.2,4959.6,1854.5,601.1,2040.7,4496.3,11.1,21,2
2111,0,0,0,0,0,0,0,0,0,0,1055.2,342,1161.1,2558.4,11.2,21,2
2112,8298,5951.4,13798.5,2518.3,2594,1410.6,1564.2,3927.1,1784.3,7673.9,3603.3,1050.2,5026.6,9680.1,11.5,21,2
2201,1963.4,1201.6,3339.3,609.4,627.8,341.4,378.6,950.4,431.8,2015.4,584.6,173.5,993,1751.1,11.7,22,1
2202,4143.4,2518.4,9374.1,1062.3,1277,960.6,1449.2,3429.3,1195.7,5967.6,834.8,298.9,1302,2435.7,12,22,1
2203,3569.8,2344.6,6287.9,849.3,917.5,561.1,653.1,1902.7,1404.2,3903.4,316.7,253.3,1024.9,1594.9,11.5,22,1
2204,4012.5,2221.2,7067.6,954.7,1031.3,630.6,734.1,2138.7,1578.3,4056.8,101.1,241.7,2530.2,2873.1,11.3,22,1
2205,5330.1,3265.6,9388.5,1268.2,1370,837.7,975.1,2841,2096.6,5826.6,295.6,135.7,2642.6,3073.9,11.1,22,1
2206,3354.5,1541.4,5908.7,798.1,862.2,527.2,613.7,1788,1319.5,3402.5,701,94.3,1432.3,2227.5,10.9,22,1
2207,1160,1316.1,3318.8,448.3,484.3,296.1,344.7,1004.3,741.1,1335.2,1208.9,276.6,1091.8,2577.4,11,22,1
2208,8564.8,4083.4,13939.9,2169.7,2325.9,1397.2,1701.1,4418,1928.1,8875.8,1313.9,598.8,2072.2,3984.9,11.1,22,1
2209,1354.8,726,2922.9,533.4,549.5,298.8,331.3,831.9,378,1570.3,612.9,140.8,571.8,1325.6,11.5,22,1
2210,0,0,0,0,0,0,0,0,0,0,10990.1,342,6667.9,18000,11.6,22,1
2211,1450.9,1119.1,2937.6,500.9,524.8,298.4,341.8,891.9,379.9,1730.9,237.4,94.3,751.3,1083,11.2,22,1
2212,908.5,477.9,1433.8,244.5,256.2,145.6,166.8,435.3,185.4,813.5,347.3,65.5,401.6,814.4,11,22,1
2213,1517.1,1434.1,3346.3,570.6,597.9,339.9,389.4,1016,432.7,2075.5,827.5,0,38.7,866.2,11.2,22,1
2214,3428.1,1928.1,6941,1183.5,1240.1,704.9,807.7,2107.3,897.6,4350.4,253.9,219.3,512.2,985.4,11.2,22,1
2215,1336.2,1082.1,2705.4,461.3,483.3,274.8,314.8,821.4,349.8,1721.6,516,47.5,282.7,846.2,11.2,22,1
2216,5199.5,2851.2,10527.6,1795,1880.8,1069.2,1225,3196.2,1361.4,6222.2,0,695.5,799,1494.5,13.1,22,1
2217,2141.3,790.8,3295,550.5,614.3,402.7,425.1,840,462.3,2228.4,0,160.3,760.4,920.7,12.6,22,1
2218,4128.5,4309.2,9185.5,1555.7,1565.8,798.2,1056.6,2516.2,1693,5286.3,3511.4,231.2,1781.8,5524.3,12.6,22,2
2219,3207,2920.2,7219.3,1222.7,1230.7,627.3,830.4,1977.6,1330.6,4089.8,4765,230.3,2506.4,7501.6,12.2,22,2
2220,3744.7,2355.8,8441.6,1101.3,1285.2,918.5,1312.1,2840.5,983.9,5197.4,438.9,82.8,507.6,1029.2,12.7,22,2
2221,5479.2,2998.4,11094,1891.6,1982,1126.7,1290.9,3368.1,1434.6,7243.9,671.6,126.7,776.7,1574.9,12.4,22,2
2222,2844.3,1727.7,5759,981.9,1028.9,584.9,670.1,1748.4,744.7,3103.3,605.9,33.2,178.5,817.6,12.1,22,2
2301,7143.4,3375.7,12463.2,977.9,1255.7,1044.5,1980.8,5228.2,1976.1,7648.6,411.5,421.4,1610.3,2443.1,12.9,23,1
2302,619.3,590.6,1355.9,223.4,239.8,144.5,157.1,395.4,195.7,936.2,108.1,35.8,584.6,728.5,12.8,23,1
2303,2044.9,1149.1,4021.4,329.3,413.5,333,650.5,1713.7,581.3,2548.5,98.8,190.1,833.3,1122.2,13.7,23,1
2304,1898.8,957.6,3734.5,305.8,384,309.2,604.1,1591.5,539.8,2366.5,48,92.3,404.4,544.7,13.7,23,1
2305,6703.1,3725.8,13184.7,1079.7,1355.7,1091.8,2132.8,5618.8,1905.9,8354.1,326.7,628.5,2754.8,3710.2,13.8,23,1
2306,1655.4,766,3255.7,266.6,334.8,269.6,526.6,1387.4,470.6,2063.1,42.3,81.4,356.6,480.3,13.4,23,1
2307,4654.1,2246.1,8121,637.2,818.2,680.6,1290.7,3406.7,1287.6,4870.5,425.1,435.3,1663.6,2523.8,13.5,23,1
2401,3825.8,2503.4,8050,1119.6,1218.9,758.5,1054.8,2511.1,1387.1,4870.2,54.7,86.1,3739.8,3880.6,13.4,24,1
2402,0,0,0,0,0,0,0,0,0,0,812.9,334.6,4232.2,5379.8,13.1,24,1
2403,2975,1782.7,6170.7,858.2,934.4,581.5,808.5,1924.9,1063.3,3923.6,377.4,101.4,864.1,1342.9,13.7,24,1
2404,2544.7,1885.1,5278.3,734.1,799.2,497.4,691.6,1646.5,909.5,3369.9,21.9,22.5,658.8,703.3,13.2,24,1
2405,1241.6,1158.9,2575.4,358.2,390,242.7,337.4,803.4,443.8,1504.4,489.4,131.5,1120.5,1741.4,13.3,24,1
2406,2262,1268,4691.8,652.5,710.4,442.1,614.8,1463.5,808.5,2924.6,37.8,38.8,1135.6,1212.2,13.8,24,1
2407,2283.7,2186.3,4736.9,658.8,717.3,446.3,620.7,1477.6,816.2,2866.9,346.3,93,792.6,1231.9,13.3,24,1
2408,118.8,77.7,250,41.2,44.2,26.6,29,72.9,36.1,151.2,28.8,16.7,130.3,175.8,12.2,24,1
2409,1466.7,869.4,2789.4,459.7,493.4,297.2,323.2,813.4,402.5,1600.9,295.6,107,435.5,838.2,12.6,24,1
2410,9112.5,4963.7,16654.4,2744.5,2945.7,1774.7,1929.6,4856.4,2403.4,9658.7,779.1,294.9,2472.5,3546.5,13.1,24,1
2411,2732.7,1666.6,4719.1,777.7,834.7,502.9,546.8,1376.1,681,2891.3,214.7,242.2,912.4,1368.8,12.5,24,1
2412,0,0,0,0,0,0,0,0,0,0,0,0,0,0,12.9,24,1
2413,608.8,1286,4200,584.1,636,395.8,550.3,1310.1,723.7,2536.7,333.3,193.1,1506,2032.3,12.2,24,1
2414,0,0,0,0,0,0,0,0,0,0,106.5,40.3,338.1,485,12,24,1
2415,878.3,569.3,1821.8,253.4,275.9,171.7,238.7,568.3,313.9,991.4,0,65.1,329.2,394.2,12.6,24,1
2416,5576.9,3276.2,14468.6,1705.7,1982,1405.5,2275.4,5326.7,1773.2,9172.2,817,393.7,1845.3,3056.7,11.6,24,1
2417,815.4,691.2,1417.4,233.6,250.7,151,164.2,413.3,204.5,805.7,95.6,107.9,406.3,609.6,12.1,24,1
2418,633,395.1,1072.4,176.7,189.7,114.3,124.2,312.7,154.8,797.4,64.7,72.9,274.8,412.2,12.5,24,1
2419,1265.3,707.7,3236.6,533.4,572.5,344.9,375,943.8,467.1,1627.5,218.2,246.1,927.1,1390.9,12,24,1
2420,0,0,0,0,0,0,0,0,0,0,0,0,0,0,11.5,24,1
2421,304.4,643,2100,292.1,318,197.9,275.2,655.1,361.9,1268.4,77,44.6,347.9,469.4,11.3,24,1
2422,1180.8,612.7,3063.5,361.2,419.7,297.6,481.8,1127.8,375.4,1942,170.2,82,384.4,636.7,11.3,24,1
2423,1464.2,980.4,3798.7,447.8,520.4,369,597.4,1398.5,465.6,2408.1,210.8,101.6,476.1,788.6,11.7,24,1
2424,0,0,0,0,0,0,0,0,0,0,0,0,0,0,12.3,24,1
2425,1327.7,1032.9,2660,438.3,470.5,283.5,308.2,775.7,383.9,1554.1,174.6,197,741.9,1113.1,11.6,24,1
2426,572.3,1208.9,3948,549.1,597.8,372,517.3,1231.5,680.3,2384.5,144.8,83.8,654,882.5,11.4,24,1
2427,632.7,405.8,1217.3,200.6,215.3,129.7,141,355,175.7,713,55.1,62.2,234.2,351.3,11.7,24,1
2501,1687.8,973.4,3198.4,543.5,585,354.7,343.4,945.5,426.4,2087.4,77.7,159.6,584.7,822.1,12.4,25,1
2502,465.4,214.3,1051.5,173.3,186,112.1,121.8,306.6,151.7,428,130.3,46,185,361.3,11.7,25,2
2503,7329.2,4142.3,13889,2360.2,2540.3,1540.2,1491.1,4105.6,1851.6,8632.1,809.2,1662.2,6088.2,8559.3,11.6,25,2
2504,12051.2,6228.4,22837.4,3880.8,4176.9,2532.5,2451.9,6750.8,3044.5,13171.6,506.8,1041,3812.8,5360.4,12.7,25,2
2505,3877.7,1990.2,7348.4,1248.7,1344,814.9,788.9,2172.2,979.6,4758.3,290.2,596,2183,3069.1,11.7,25,2
2506,875.2,680.7,1414.7,233.1,250.2,150.8,163.9,412.5,204.2,690.9,50.1,102.9,376.8,529.7,11.6,25,2
2507,483.8,979.7,2036.1,335.5,360.1,217,235.9,593.7,293.8,1268.4,179.3,306,1125.4,1610.6,12,25,2
3001,5120,2076.9,10154.3,1185.5,1368.8,959.3,1607,3748.5,1285.1,4988,665.3,615.3,1968,3248.7,12,30,2
3002,6019.3,2893.5,13310.2,1782.1,2016.3,1359.5,2002.2,4545.3,1604.6,6655.5,497.5,848,2719.5,4065.2,12.7,30,2
3003,3738.3,1910.1,10148.5,1057.2,1285.9,985.8,1616.3,3847.9,1355.4,5216.4,300.8,343.8,1102,1746.6,12.3,30,2
3004,2614.2,1364.3,5185,605.3,698.9,489.9,820.6,1914.1,656.2,2546.8,230.9,213.5,682.9,1127.4,11.8,30,2
3005,4849.5,3077.5,9615.8,1122.6,1296.2,908.4,1521.8,3549.7,1216.9,4724.5,466,431,1378.4,2275.4,11.5,30,2
3006,2097.9,1188.7,4160.5,485.7,560.8,393.1,658.5,1535.9,526.5,2043.8,259.2,239.8,766.8,1265.8,11.2,30,2
3007,3015.3,1395.3,5980.6,698.2,806.2,565,946.5,2207.8,756.9,2937.6,264,244.2,781.1,1289.4,11.6,30,2
3008,3576.8,1625.6,7092.6,828.1,956.1,670.1,1122.5,2618.3,897.6,3484.6,306.3,283.3,906,1495.6,12.1,30,2
3009,2476.6,1227.9,4911.4,573.4,662.1,464,777.3,1813.1,621.6,2412.8,224.2,207.4,663.3,1094.9,10.8,30,2
3010,4639.3,2429.7,10258.2,1373.5,1554,1047.8,1543.1,3503.1,1236.7,5129.6,293.8,500.8,1606,2400.7,10.7,30,2
3011,2685.9,1214.8,5939.1,795.2,899.7,606.6,893.4,2028.2,716,2969.8,145,247.1,792.3,1184.4,10.6,30,2
3012,3728.3,1809.7,8244.9,1103.9,1249,842.1,1240.3,2815.6,994,4122.4,217.9,371.4,1191,1780.5,10.8,30,2
3013,3083.4,1575.5,4577.2,476.8,579.9,444.6,729,1735.5,611.3,4645,244,278.9,894,1416.9,10.6,30,2
3101,8111.5,4239.2,16868.1,1525.9,1831.6,1374.3,2655.6,6941.1,2539.6,10270.5,2424.7,812.2,2522.3,5759,10.7,31,3
3102,1272.3,989.5,3981.4,528.5,587.8,382.8,674.6,1367.6,440.2,0,206.3,69.1,214.6,489.9,10.8,31,3
3103,4360.1,2094.7,8950.3,1009.1,1105.1,696.4,1371.8,3527.8,1240.1,4962.9,589.6,197.4,613.2,1400.3,10.9,31,3
3104,3894.6,2485.2,9443.9,924.5,1125.3,863.9,1505.6,3706.7,1318,5501.8,543.7,182.1,565.5,1291.3,11,31,3
3105,2455.4,1047.2,3879.2,781.1,839.1,506.5,446.9,963.1,342.6,2628.8,907.7,304.1,944.3,2156.2,11.2,31,3
3106,3717.8,1764.3,7513.8,1513,1625.2,981,865.5,1865.4,663.6,4960.6,1409.9,472.1,1466.7,3348.9,11,31,3
3107,7400,4624.4,14250.8,2128.5,2336.7,1480.6,1717.6,4260,2327.3,8684.2,3428.4,1148.1,3566.6,8143.3,10.9,31,3
3108,2348.8,1325.6,3947.4,794.9,853.8,515.4,454.7,980,348.6,2713.8,695.4,232.9,723.4,1651.7,10.7,31,3
3109,1143.5,686.5,2483.4,500.1,537.2,324.2,286.1,616.6,219.3,1369.9,591.9,198.1,615.8,1405.9,10.7,31,3
3110,3259.7,1669.5,8383.9,1688.2,1813.5,1094.6,965.8,2081.4,740.4,5098,1464.7,490.6,1523.9,3478.9,11.3,31,3
3111,4875.7,2254.1,8132.6,1637.6,1759.1,1061.8,936.8,2019,718.2,4278,1631.9,546.6,1697.9,3876.2,11.1,31,3
3201,2463.7,1611.5,3947.1,440.7,562.5,464,640.8,1218.1,620.9,2526,1091.8,365.5,1135.9,2593.4,11.3,32,3
3202,3988.7,3723.4,7696.5,1215.5,1246,668.8,918.7,2113.5,1534,4651.9,1497.2,501.4,1557.6,3556.3,11,32,3
3203,2994.3,2460.3,5789.9,914.4,937.4,503.1,691.1,1589.9,1154,3796.6,1329.5,445.2,1383.1,3158.1,10.5,32,3
3204,0,0,0,0,0,0,0,0,0,0,297.4,99.6,309.5,706.5,11.3,32,3
3205,8426.6,5244.4,17396.7,2449.3,2824.8,1975.6,2360.6,5206.3,2580.2,10906.8,2899.4,970.9,3016.6,6886.8,10.7,32,3
3206,4379.2,2292,9041,1272.9,1468,1026.7,1226.8,2705.7,1340.9,5892.7,609.8,204.2,634.4,1448.4,11.3,32,3
3207,4180.3,3137,8630.3,1215.1,1401.3,980.1,1171.1,2582.8,1280,3626,2822,945,2936.2,6703.1,11.1,32,3
3208,2037.2,817.8,4205.8,592.1,682.9,477.6,570.7,1258.7,623.8,2692.7,2621.4,877.8,2727.4,6226.5,10.9,32,3
3209,5613.7,3817.1,10619.7,1677.2,1719.3,922.8,1267.6,2916.2,2116.7,4814,3074.1,1029.6,3198.1,7301.8,11.2,32,3
3210,4650,3435.8,8998.3,1374.9,1527.1,991.9,1176,2755.9,1172.6,5267.4,1298.5,434.9,1350.9,3084.2,11.1,32,3
3211,2255.6,1409,3904.1,616.6,632.1,339.2,466,1072.1,778.1,2352.7,749.2,251,779.5,1779.5,11.5,32,3
3212,4817,2140.6,11464.9,1351.6,1595.4,1163.4,1885.2,4155.9,1313.4,7357.3,1544.6,517.4,1606.9,3668.9,11.5,32,3
3213,5033.9,3196.6,10996.2,1906.3,2092.6,1325.7,1373,2788.6,1509.9,6376.3,2357.1,789.5,2452.3,5598.9,10.9,32,3
3214,0,0,0,0,0,0,0,0,0,0,1894.5,634.5,1971,4500,11.8,32,3
3215,5018.7,2544.9,7351.9,1106.5,1219.1,778.5,849.4,2131.6,1266.8,4118.6,1082.9,362.7,1126.7,2572.2,16.1,32,3
3216,1863.7,602.9,2954.5,466.6,478.3,256.7,352.6,811.3,588.9,1311.3,571.9,191.1,594.7,1358.1,15,32,3
3301,1403.7,1032,2366.2,373.7,383.1,205.6,282.4,649.8,471.6,1513.2,349.3,117,363.3,829.5,15.5,33,3
3302,2716.1,1240.3,4564.2,697.4,774.6,503.1,596.5,1397.9,594.8,1983.4,950.5,318.3,988.9,2257.9,15.1,33,3
3303,3247.3,1353.2,6019.9,950.7,974.6,523.1,718.5,1653.1,1199.8,2531,1200.8,402.1,1249.2,2852.3,16.1,33,3
3304,608.1,430.3,1578.6,249.3,255.6,137.2,188.4,433.5,314.6,0,673.8,225.8,701,1600.4,15.9,33,3
3305,4568.7,2094,7992.5,1408.4,1540.8,968.9,1080.5,2184.1,809.7,4579.8,1102,369.3,1146.1,2617.4,14.3,33,3
3306,0,0,0,0,0,0,0,0,0,0,1421,476.2,1477.8,3375,17.9,33,3
3307,2453.7,1288.1,4669.4,361,447,352.4,694.6,1933.9,880.4,2989,449.4,150.5,467.6,1067.6,17.9,33,3
3308,4046,2000.8,6974.3,1101.5,1129.1,606,832.5,1915.2,1390.1,4127.6,317.9,106.5,330.7,755.6,19,33,3
3309,2549,1156,6248.4,986.8,1011.6,543,745.8,1715.8,1245.4,3395.3,1052.7,352.5,1095.1,2500.4,19.5,33,3
3310,5058.8,4705.2,16938.6,3643.1,3730.8,1997,1945.6,3448.7,2173.4,8684.8,2751.3,921.2,2862.8,6535.4,20.3,33,3
3311,2200,1884.4,7366.3,1584.3,1622.5,868.4,846.1,1499.8,945.2,3581.5,963,322.4,1002,2287.4,21.8,33,3
3312,283.5,316.4,949.1,204.1,209,111.9,109,193.2,121.8,363.2,624,208.9,649.3,1482.2,20.4,33,3
3313,1544.2,1772.8,5170.6,1112.1,1138.8,609.6,593.9,1052.7,663.5,2404.4,994.5,333,1034.9,2362.4,19.7,33,3
3314,1641.5,1099.3,5496.4,1182.1,1210.6,648,631.3,1119.1,705.3,2767.5,2084.1,697.8,2168.5,4950.5,21.1,33,3
3315,2195.8,1838,7352.2,1581.3,1619.3,866.8,844.5,1496.9,943.4,3205.8,577.1,193.2,600.5,1370.8,13.9,33,3
3316,3872.4,5459.5,12966.2,2788.7,2855.9,1528.6,1489.3,2639.9,1663.7,6219.4,1932,646.9,2010.3,4589.2,14.6,33,3
3317,2873.3,2977.9,9620.8,2069.2,2119,1134.2,1105.1,1958.8,1234.5,5265.8,1724.9,577.6,1794.9,4097.4,14.3,33,3
3318,594.9,1515.2,5323.5,1145,1172.5,627.6,611.5,1083.9,683.1,2593.6,318.2,106.6,331,755.7,16.5,33,3
3319,592.3,540.6,1983.2,426.5,436.8,233.8,227.8,403.8,254.5,0,62.5,20.9,65,148.4,16.9,33,3
3320,194.6,177.6,651.6,140.2,143.5,76.8,74.8,132.7,83.6,0,21.5,7.2,22.3,51,16.3,33,3
3321,593.7,186.7,653.5,99.8,110.9,72,85.4,200.1,85.2,461,117.2,39.2,121.9,278.3,16,33,3
3322,4222.6,2359,7000.9,1105.7,1133.4,608.3,835.6,1922.5,1395.4,3935.7,1001.9,335.6,1042.2,2380.2,13.9,33,3
3401,1967.1,761,2717.8,463.4,482.8,270.6,331.6,842.3,327,1634.1,510.7,171.1,531.3,1213.1,13.6,34,3
3402,2120.7,1106.8,4477.3,781.3,802.9,433.8,522.5,1254.8,682,2483.4,261.5,87.6,272,621.1,13.4,34,3
3403,2151.5,1170,3443.4,587.1,611.7,342.8,420.2,1067.2,414.3,2040.1,728.2,244,757.6,1729.7,14,34,3
3404,3272.6,1538.8,5482.2,355,487.7,443,846.6,2371,978.9,3232.5,660.5,221.3,687.2,1569,13.9,34,3
3405,2770.2,1412.5,6363.5,633.8,777,603.3,1052.7,2421.3,875.3,4105.5,788.4,264.1,820.1,1872.6,13.9,34,3
3406,1434.8,731.6,3286.6,327.4,401.3,311.6,543.7,1250.5,452.1,2283.6,253.8,85.1,264.1,602.9,14.3,34,3
3407,3142.8,1478.6,7097,609.6,804.3,694.1,1206,2778.4,1004.6,4403,689.8,231.2,717.9,1638.5,14.5,34,3
3408,2887.8,1449.2,6520.4,560,738.9,637.8,1108,2552.7,923,3949,446.5,149.7,464.7,1060.8,16.9,34,3
3409,1697.1,1149.7,3833.2,329.2,434.4,374.9,651.4,1500.7,542.6,2767.3,148,49.6,154,351.5,20.6,34,3
3410,466.8,277.4,872,166.1,177.9,106.6,104.7,246.7,70,614.1,104.3,34.9,108.5,247.6,19.4,34,3
3411,2707.2,899.1,3537.4,603.1,628.5,352.2,431.7,1096.4,425.6,2156.6,613.3,205.7,637.7,1457,14.1,34,3
3412,2761.9,1737.9,6256.3,923.7,1019.9,654.2,754.1,1876.5,1028,3652.1,207.7,69.6,216.1,493.3,14.7,34,3
3413,0,0,0,0,0,0,0,0,0,0,1750.8,586.5,1821.6,4158.5,14.5,34,3
3414,2467,1995.8,5588.4,825.1,911,584.3,673.6,1676.1,918.2,3370.4,247.4,82.9,257.4,587.6,13.5,34,3
3415,6099.7,4334.8,13817.1,2040.1,2252.4,1444.7,1665.4,4144.2,2270.3,8350.3,1618.6,542.9,1683.2,3845.5,31.4,34,3
3416,3463.9,3138.6,7846.5,1158.5,1279.1,820.4,945.7,2353.4,1289.3,4279.5,1389.3,465.4,1445.5,3300,27.3,34,3
3417,3245.4,1608.2,7351.5,1085.4,1198.4,768.7,886.1,2205,1207.9,4403.3,1613.8,540.6,1679.1,3833.3,25.7,34,3
3418,1136.5,587.8,2057.2,350.8,365.5,204.8,251,637.6,247.5,1259.6,412.4,138.2,429,979.6,25.2,34,3
3419,2144.8,962.6,3555,213.9,287.5,254.1,487.4,1449.8,862.3,0,270.9,90.7,281.8,643.5,23.9,34,3
3420,73.3,142.2,526.3,31.7,42.6,37.6,72.1,214.6,127.6,318.4,336.1,112.6,349.6,798.3,23.9,34,3
3421,5380.1,2472.7,8499.8,1196.7,1388.6,982.2,875.7,2668.4,1388.1,5551,1029,344.7,1070.6,2444.2,23.6,34,3
3422,3491.7,2020.1,5940.5,1036.6,1065.3,575.6,693.2,1664.9,904.8,3591.5,1182.7,396,1230.5,2809.2,21,34,3
3423,5282.4,2605.5,10004.1,790.7,1030.6,875.1,1638.3,4093.2,1576.2,6206.3,911.9,305.3,948.7,2166.1,28.9,34,3
3424,5636.9,3207.7,14434.7,1809,2101.1,1488.8,2438.5,4871.6,1725.8,7909.7,1179.1,395,1226.7,2800.6,23,34,3
3425,0,0,0,0,0,0,0,0,0,0,2947.1,987.2,3066,7000,19.2,34,3
3426,5295.3,2722.9,11580.5,1974.5,2057.4,1153,1413.2,3589.2,1393.3,7384.6,743,248.7,773.2,1765.1,17.2,34,3
3427,655.7,343.7,1374.8,242.3,265,166.7,185.9,375.7,139.3,784.4,0,0,0,0,17.9,34,3
3428,1360.8,439.5,2197.6,374.7,390.4,218.8,268.2,681.1,264.4,1483.4,126.7,42.5,131.8,301,15.1,34,3
3429,799.9,427.1,1494.9,254.9,265.6,148.8,182.4,463.3,179.9,913.3,178.7,59.9,185.8,424.4,17.5,34,3
3430,0,0,0,0,0,0,0,0,0,0,0,0,0,0,15.1,34,3
3501,1649.5,837.7,2371.8,362.4,402.5,261.4,310,726.4,309.1,1598.5,425.4,142.1,442.3,1010.1,21.7,35,3
3502,4914.6,3486.3,10084.4,1500.5,1612.2,973.8,1272.6,2715.4,2009.9,5795.3,1852.2,620.4,1927,4399.7,21.2,35,3
3503,2212.2,915,3102.3,490,502.3,269.6,370.3,851.9,618.3,2322,615,206,639.8,1460.9,18.6,35,3
3504,612.2,256.6,1451.9,255.8,279.9,176,196.3,396.7,147.1,967.9,173.5,58.1,180.6,412.2,20.5,35,3
3505,828.8,310.7,1087.4,191.6,209.6,131.8,147,297.1,110.2,615.7,129.9,43.6,135.2,308.7,27.7,35,3
3506,6775.6,3341.6,14926.6,2357.4,2416.6,1297,1781.7,4098.9,2975.1,8875.3,1371.3,459.4,1426.9,3257.4,27.3,35,3
3507,3160.7,1885.7,6961.5,1099.4,1127,604.9,830.9,1911.6,1387.5,3773.3,416.1,139.4,433,988.5,24.8,35,3
3508,2657,1262.4,5853.1,924.4,947.6,508.6,698.6,1607.3,1166.6,3772.8,681.5,228.3,709.1,1618.8,23.6,35,3
3509,3122.8,1605.1,6879.6,1086.5,1113.8,597.8,821.2,1889.2,1371.2,3930.2,702,235.2,730.4,1667.5,22.1,35,3
3510,5579.9,2838.4,10480.1,942.1,1156.2,899.3,1630.7,4211.2,1640.7,6568,1197.9,401.2,1246.4,2845.2,21,35,3
3511,2615.6,1464.4,4868.7,938.6,1007.2,606.5,538.1,1226.6,551.7,3025.9,582,195,605.5,1382.4,27.8,35,3
3512,2849,1012.3,5727.6,1104.2,1184.9,713.4,633.1,1443,649,2706.6,684.6,229.4,712.3,1626.2,18.8,35,3
3513,0,0,0,0,0,0,0,0,0,0,1894.5,634.3,1970.6,4500,21.2,35,3
3514,5904.6,4244.9,14232.8,2288.5,2467.6,1502.4,1736.8,3941.5,2295.9,8159.3,1278.8,428.3,1330.5,3037.6,19.9,35,3
3515,4057.4,2714.5,9780.2,1572.6,1695.6,1032.4,1193.5,2708.5,1577.7,5189.4,1827.7,612.1,1901.5,4341.4,22.7,35,3
3516,4396.9,3086.4,10598.4,1704.1,1837.5,1118.8,1293.3,2935.1,1709.7,6101.4,5013.8,1679.1,5216.2,11909.5,24.3,35,3
3517,3066.9,2414,7392.7,1188.7,1281.7,780.4,902.1,2047.3,1192.5,4444.7,751.1,251.5,781.4,1784.2,24.5,35,3
3518,2285.9,1879.8,5510.1,886,955.3,581.7,672.4,1525.9,888.9,3368.4,515.8,172.7,536.6,1225.3,27.7,35,3
3519,4529.2,3530,10917.4,1755.4,1892.8,1152.4,1332.2,3023.4,1761.1,6744.2,821.2,275.1,854.3,1950.7,29.7,35,3
3520,7088.6,5100.5,17086.8,2747.4,2962.4,1803.7,2085.1,4731.9,2756.3,10157.5,2042.5,684.2,2124.8,4851.4,31.7,35,3
3521,3913.7,3131,9433.7,1516.8,1635.5,995.8,1151.2,2612.5,1521.8,5518,1792.3,600.3,1865.1,4257.5,20.1,35,3
3522,0,0,0,0,0,0,0,0,0,0,1340.7,449.1,1394.8,3184.6,17.4,35,3
3523,2169.3,1354,4239.9,911.9,933.9,499.9,487,863.3,544,2046.5,1670.7,559.8,1737.9,3968.4,28.8,35,3
3524,3139.5,2701.1,5860.4,872,936.9,565.9,739.6,1578,1168.1,3269.5,1377.2,461.5,1432.8,3271.3,24.4,35,3
3525,0,0,0,0,0,0,0,0,0,0,1073.5,359.7,1116.9,2550,27,35,3
3526,4792.2,1987.8,7732,1150.4,1236.1,746.6,975.7,2082,1541.1,4615,1281.4,429.4,1333.2,3043.8,25.6,35,3
3527,3451.3,1888.1,8024.3,1858.8,1817.6,847.1,850.8,1572.2,1077.8,3824.7,979.4,328,1019.1,2326.4,28.5,35,3
3528,6715.1,3246.7,9998.5,1927.6,2068.4,1245.4,1105.1,2519,1133,6230,1640.6,549.6,1706.4,3897.2,25,35,3
3529,2487,1263.2,4579,304.3,417.1,377.7,718.6,1916.3,845.1,2870.2,442.6,148.2,460.5,1051.3,22.1,35,3
3530,1411.9,1593,3393.6,504.9,542.6,327.7,428.3,913.8,676.4,2277.8,1098,367.6,1142.4,2608.1,24.6,35,3
3531,1952.7,2043.5,6037.7,898.3,965.3,583,761.9,1625.7,1203.4,3447.7,1832.4,613.5,1906.5,4352.5,25.1,35,3
3532,2750.7,1917.9,5141.6,765,822,496.5,648.8,1384.5,1024.8,3165.8,851.5,285.2,885.9,2022.5,25.3,35,3
3601,3565.7,1848.4,8280.9,1080.4,1201.4,782.3,1180.8,2946.6,1089.4,4362.8,436.3,146.2,453.9,1036.5,24.6,36,3
3602,6766.1,3468.3,14698.8,1657.3,1964.2,1442.6,2113.2,5440.9,2080.7,8430.5,1258.6,421.7,1309.4,2989.6,28.4,36,3
3603,1000.6,593.6,2477,477.5,512.4,308.5,273.8,624,280.7,1240.8,83.9,28.1,87.2,199.3,27.4,36,3
3604,4586.9,2076.2,8819.1,1609.5,1657.9,901.6,999.7,2509.9,1140.4,5226,1581.4,529.3,1645.2,3756,26.3,36,3
3605,2731.8,1311.4,5472.5,1055,1132.1,681.7,604.9,1378.7,620.1,3181.7,981.2,328.8,1020.8,2330.7,26.6,36,3
3606,2290.9,1064.6,5492.5,625.5,742.3,546.4,851.9,2036.7,689.6,3110.5,531.6,178.1,553.2,1262.7,27,36,3
3607,0,0,0,0,0,0,0,0,0,0,4735.9,1586.6,4925.9,11250,27.4,36,3
3608,297.5,133,798.1,88.6,107.6,82.3,124.4,290.1,105,483.1,71,23.8,73.8,168.5,25.1,36,3
3609,6468.3,1951.2,13028.3,1931,2120.7,1344.9,1674.5,3699.2,2258,8193.4,2019.9,676.6,2101.4,4797.8,20.7,36,3
3610,0,0,0,0,0,0,0,0,0,0,1670,559.4,1737.3,3966.7,18.7,36,3
3611,0,0,0,0,0,0,0,0,0,0,588.4,197.1,612.1,1397.6,20.6,36,3
3612,12867.1,3978.4,26564.2,3937.3,4324.1,2742.2,3414.2,7542.5,4603.9,14891,2215.7,742.2,2305.1,5262.9,23.2,36,3
3613,0,0,0,0,0,0,0,0,0,0,448.3,150.2,466.4,1064.8,23,36,3
3614,851.4,263.3,1757.8,260.5,286.1,181.5,225.9,499.1,304.6,1031.9,273.3,91.5,284.3,649.3,22.3,36,3
3615,10628,3286.1,21941.5,3252.2,3571.6,2265,2820.1,6229.9,3802.7,14069.4,4815,1612.3,5008.8,11436.3,28.9,36,3
3616,0,0,0,0,0,0,0,0,0,0,4463,1494.7,4643.1,10600.7,27.1,36,3
3617,4071.1,1258.8,8404.9,1245.8,1368.1,867.6,1080.3,2386.4,1456.7,4981.1,3189.5,1068.2,3318.2,7575.8,25.1,36,3
3618,6067.4,1876,12526.1,1856.6,2039,1293,1610,3556.6,2170.9,7713.6,914.2,306.2,951.1,2171.4,27.6,36,3
3619,19525.7,6037.2,40310.8,5974.8,6561.7,4161.2,5181.1,11445.6,6986.4,25586.6,6934.7,2322.6,7214.7,16471.8,26.8,36,3
3620,2388.3,1191.5,4972.4,910.3,967.6,569.6,629.2,1267.6,628.1,2384.3,1043.4,349.5,1085.5,2478.2,30,36,3
3621,1830.5,988.1,4123.7,754.9,802.4,472.4,521.8,1051.3,520.9,2385.6,1334,446.8,1387.9,3168.6,23.7,36,3
3622,1997.7,1003.2,4186.5,766.4,814.6,479.6,529.7,1067.3,528.8,2378.8,923,309.1,960.3,2192.3,26.8,36,3
3623,10461.9,4648.3,19398.3,3540.3,3646.7,1983,2199,5520.8,2508.4,12021.6,2226.1,745.2,2315.7,5288,28.8,36,3
3624,2326.1,933.4,4219.7,770.1,793.3,431.4,478.3,1200.9,545.7,1606.1,799.3,267.8,831.5,1898.5,20.4,36,3
3625,0,0,0,0,0,0,0,0,0,0,21.1,7.1,21.9,50,17.7,36,3
3626,3024.2,1231.3,5138.4,940.7,999.9,588.7,650.1,1309.9,649,3536.8,614.2,205.7,639,1458.9,16.3,36,3
3627,4222.6,2249.7,9658.9,1216,1472.9,1121.8,1536.7,3195.4,1116.1,5756.8,1300.2,435.6,1352.5,3088,15.4,36,3
3628,4790,2074.5,8657.1,1584.9,1684.6,991.8,1095.4,2207,1093.5,4850.1,1187.9,397.9,1235.7,2821.4,14.9,36,3
3701,2120,1356.9,3923.1,680.1,725,429.8,481.3,977.9,628.9,2431.7,699.7,234.4,727.9,1661.9,13.9,37,3
3702,0,0,0,0,0,0,0,0,0,0,2084,698,2168.2,4950,14.1,37,3
3703,1479.6,592.7,3149.1,545.9,582,345,386.4,785,504.8,465.8,922.1,308.9,959.3,2190.4,13.6,37,3
3704,2996,1930.9,6683.9,1097.6,1202.7,759,860.2,1893.3,871,4121.7,1425.5,477.4,1483.1,3385.9,14.6,37,3
3705,0,0,0,0,0,0,0,0,0,0,2659.3,890.6,2766.8,6316.5,16.2,37,3
3706,1414.4,1051.8,3155.3,518.2,567.8,358.3,406.1,893.8,411.2,1879.3,438.5,146.9,456.3,1041.6,11.8,37,3
3707,3399.2,2091.9,7583.2,1245.3,1364.6,861.2,975.9,2148.1,988.2,4618.1,342.9,114.8,356.8,814.5,11.9,37,3
3708,3509.8,2367.2,7829.9,1285.8,1408.9,889.2,1007.7,2218,1020.3,4455.1,935.9,313.5,973.8,2223.1,11.5,37,3
3709,5375.1,4477.4,10343,1793.1,1911.4,1133.2,1269,2578.2,1658.1,5957.9,1655.9,554.3,1722.4,3933,11.5,37,3
3710,3218.3,4495,10092.6,1749.7,1865.1,1105.8,1238.3,2515.8,1618,3713.8,1844.3,617.9,1918.6,4380.9,11.1,37,3
3711,2472.9,1338.3,4280.5,742.1,791,469,525.2,1067,686.2,2705.8,641.3,214.9,667.2,1523.5,11.4,37,3
3712,309.6,193.9,891.9,163.3,173.5,102.2,112.8,227.4,112.7,534,116,38.8,120.7,275.5,11.3,37,3
3713,306.1,182.9,971.7,177.9,189.1,111.3,123,247.7,122.7,482.1,167,55.9,173.7,396.6,11.3,37,3
3801,3775.5,2025.4,9451.4,1114.2,1359.3,1047.3,1431.2,3350.4,1148.9,5922,622.5,208.6,647.6,1478.7,11.4,38,3
3802,6423.4,3675.7,16082,1895.9,2313,1782,2435.3,5700.9,1954.9,10075.3,1059.3,354.7,1102.1,2516.1,11.1,38,3
3803,2512.1,1175.8,5585.7,744.7,862.4,607.8,862.6,1846,662.2,3367.6,462.4,154.8,481,1098.2,11,38,3
3804,1006.2,562.3,2530.7,321.5,377.1,272,380.7,881.9,297.5,1420.1,426.1,142.7,443.3,1012.2,10.8,38,3
3805,2571.4,1405.7,6466.6,821.5,963.6,695,972.8,2253.6,760.2,3629.1,426,142.7,443.1,1011.7,10.8,38,3
3806,8192.9,5150.9,20602.9,2617.3,3070.1,2214.3,3099.3,7179.9,2422,11563.1,2237,749.6,2326.9,5313.1,11.7,38,3
3807,2627.3,1405.7,6607,839.3,984.5,710.1,993.9,2302.5,776.7,3708,435.2,145.8,452.7,1033.7,11.4,38,3
3808,4975,3092.6,12510.8,1589.3,1864.3,1344.6,1882,4359.9,1470.7,7021.5,2831.9,949,2945.7,6726.1,11.1,38,3
3809,3633.4,2108.6,9137.7,1160.8,1361.6,982.1,1374.6,3184.4,1074.2,5128.1,481.5,161.4,500.9,1143.7,11.2,38,3
3810,4734,2801.2,11907.8,1512.7,1774.4,1279.8,1791.3,4149.8,1399.8,6681.3,784.4,262.8,815.9,1863,11,38,3
3811,7450.8,4282.8,18736.2,2380.1,2791.9,2013.7,2818.5,6529.4,2202.6,10515.7,987.3,330.9,1027,2345.1,10.9,38,3
3812,2795,1686.9,7028.2,892.8,1047.3,755.3,1057.2,2449.3,826.2,3944.7,631.1,211.5,656.4,1498.9,10.8,38,3
3813,1136.4,494.2,1765,318.1,336.1,195.1,199.8,498.2,217.7,1095.4,298.1,99.9,310.1,708.1,10.7,38,3
3814,1172.5,498.3,2587.3,344.9,399.5,281.5,399.6,855.1,306.7,1561.2,198.5,66.5,206.5,471.5,10.7,38,3
3815,5548.7,3165.5,15827.4,1865.9,2181.4,1563.9,2333.4,5737.3,2145.5,9376.5,894.5,299.5,930.5,2124.4,10.6,38,3
3816,7600.5,5003.2,21680,2555.9,2988,2142.2,3196.3,7858.8,2938.9,12843.7,1414.1,473.5,1471.1,3358.4,10.6,38,3
3817,2130.6,1551.7,6078,716.5,837.7,600.6,896.1,2203.2,823.9,3600.4,415.1,139,431.8,985.9,10.5,38,3
3818,3962.8,1870.2,7715.3,830.2,1005.1,764.9,1223.6,2899.6,991.8,4840.7,1434.1,480.1,1492,3406.1,12.3,38,3
3819,5365.8,2365.1,10446.4,1124.1,1360.9,1035.7,1656.8,3926,1343,6554.4,1643,550.1,1709.4,3902.3,12.7,38,3
3820,6350.8,2853.1,12364.4,1330.5,1610.8,1225.8,1960.9,4646.8,1589.5,7757.7,651.6,218.1,677.9,1547.6,12.1,38,3
3821,1733.1,838.7,3812.2,1053,909.6,239.8,470.3,821.9,317.6,1952.9,502.3,168.2,522.5,1192.9,11.7,38,3
3822,2619.8,1226.3,5825.1,776.6,899.4,633.8,899.6,1925.1,690.6,3312.8,482.2,161.5,501.7,1145.3,11.3,38,3
3823,1247.6,602.8,2625,725.1,626.4,165.1,323.8,566,218.7,1531.3,156.9,52.6,163.2,372.7,10.9,38,3
3824,900.3,348.3,2041.7,368,388.8,225.7,231.1,576.3,251.8,985.2,215.2,72.1,223.9,511.1,11,38,3
3825,405.1,143.2,525.1,145,125.3,33,64.8,113.2,43.7,261.8,31.4,10.5,32.7,74.5,10.7,38,3
3826,27338.1,9666,35441,9789.5,8456.6,2229,4372.1,7641.1,2952.7,17669.1,4236.7,1419.9,4408.1,10062.7,10.7,38,3
3827,1214.7,2915.2,12809.1,3538.1,3056.4,805.6,1580.2,2761.7,1067.2,7482.8,1531.2,512.9,1592.9,3636.9,10.4,38,3
3828,1991.4,4779.4,21000,5800.6,5010.8,1320.8,2590.6,4527.6,1749.6,12267.7,3765.6,1261.4,3917.3,8943.7,11.5,38,3
3829,0,0,0,0,0,0,0,0,0,0,0,0,0,0,11.2,38,3
3830,0,0,0,0,0,0,0,0,0,0,0,0,0,0,11.2,38,3
3831,2560.6,1328.9,5001.1,901.3,952.4,552.9,566.1,1411.6,616.7,3064,552.9,185.3,575.3,1313.3,10.8,38,3
3901,2906.4,1984.2,5300.7,955.3,1009.5,586,600,1496.2,653.6,3045.4,844.6,282.7,878.6,2006,10.7,39,3
3902,961.8,833.3,2812.7,506.9,535.7,311,318.4,793.9,346.8,797.4,552.3,184.9,574.6,1311.8,10.4,39,3
3903,2629.4,1445.9,5301.7,994.9,998.6,504.9,578.9,1618.4,606.1,3233.6,607.6,203.4,632.1,1443.1,11.9,39,3
3904,3966.5,2665.9,7997.7,1500.7,1506.4,761.6,873.3,2441.4,914.2,4868.8,1434.1,480.2,1492,3406.2,12.1,39,3
3905,0,0,0,0,0,0,0,0,0,0,54.7,18.3,56.9,130,11.7,39,3
3906,5935.4,3502.7,11967.4,2245.7,2254.1,1139.6,1306.8,3653.3,1368,7259.4,1198.3,401.2,1246.7,2846.2,10.9,39,3
3907,4058.6,2045.8,8183.4,1535.6,1541.3,779.3,893.6,2498.1,935.5,4781.9,1376.5,460.9,1432.1,3269.5,11.4,39,3
3908,1191.9,583.9,2335.4,384.9,413.1,248.9,270.6,681,337,1465.8,538.9,180.6,560.6,1280.2,11.5,39,3
3909,5891.5,4801.1,25049.1,3726,4086.3,2583.6,3931,8153.3,2568.9,14930.7,1649.9,552.7,1716.4,3919,11.1,39,3
3910,1918.2,1556.1,4094.9,618.6,657.6,387.2,519.5,1239.1,672.8,2288.8,1507.8,505,1568.7,3581.4,11,39,3
3911,8578.8,5104.1,18313.5,2766.7,2940.9,1731.7,2323.3,5541.7,3009.1,11347.1,4424.7,1481.9,4603.3,10510,11.7,39,3
3912,9357.9,7154.3,19976.5,3018,3208,1889,2534.3,6044.9,3282.4,12807,1380.9,462.4,1436.5,3280,11.4,39,3
3913,3593.7,1039.6,4513.6,813.4,859.6,499,510.9,1274,556.6,2269.5,304.6,102,316.9,723.5,14.4,39,3
3914,1734,1512.6,3516.7,633.8,669.7,388.8,398.1,992.7,433.7,3302.2,63.1,21.1,65.6,149.8,12.5,39,3
3915,1054.3,564.9,2818.7,508,536.8,311.6,319.1,795.6,347.6,1824.6,424.3,142.1,441.3,1007.6,10.8,39,3
3916,10940.6,4549.9,20482.2,3621.1,3612.5,1793.4,2390.2,6170.6,2894.4,9044.9,2936.9,983.7,3055.4,6976.2,10.6,39,3
3917,10227.2,5535.1,19146.7,3385,3377,1676.5,2234.3,5768.3,2705.7,11514.1,3555.6,1190.9,3699.1,8445.9,10.6,39,3
3918,8657,5121.3,16207,2865.2,2858.5,1419.1,1891.3,4882.6,2290.3,10137.6,1125.9,377.1,1171.3,2674.3,10.5,39,3
3919,13404.3,7941.9,25578.6,4522.1,4511.4,2239.7,2984.9,7706,3614.6,15431,4631.9,1551.4,4818.8,11002.5,10.4,39,3
3920,2127.3,1783.6,3959.4,713.6,754.1,437.8,448.2,1117.6,488.2,2151.9,553.2,185.3,575.5,1314,10.4,39,3
3921,0,0,0,0,0,0,0,0,0,0,7577.9,2537.6,7883.1,18000,10.4,39,3
3922,625.1,624.5,1386.3,228.5,245.2,147.7,160.6,404.3,200.1,799.8,418.8,140.3,435.7,994.7,10.3,39,3
4001,1582.5,1204.9,3056.9,550.9,582.2,338,346,862.9,377,1825.8,728.4,244,757.7,1729.9,10.3,40,3
4002,2367,1769.9,5944.5,1071.3,1132.1,657.2,672.9,1677.9,733,2591.3,1215.9,407.2,1265.1,2888.1,11.9,40,3
4003,1662,1212.6,3409.3,614.4,649.3,376.9,385.9,962.3,420.4,2076.5,2184.5,731.4,2272.9,5189,11.3,40,3
4004,9189.4,5779.8,18252.8,2684.6,2888.6,1750.3,2254.7,5401.6,3273,11804.9,2010.4,673.3,2091.8,4775.3,11,40,3
4005,2282.6,1511.3,4534,666.8,717.5,434.8,560.1,1341.8,813,2672.9,162.6,54.5,169.2,386.2,10.9,40,3
4006,0,0,0,0,0,0,0,0,0,0,4716.3,1579.5,4906.8,11202.4,10.3,40,3
4007,5261.6,3011.3,10451.1,1537.1,1653.9,1002.2,1291,3092.8,1874,6401.5,3140.6,1051.8,3267.4,7459.7,11.4,40,3
4008,0,0,0,0,0,0,0,0,0,0,2799.7,937.6,2912.8,6650,11.5,40,3
4009,7169.3,4506.6,15085,2218.6,2387.3,1446.6,1863.4,4464.2,2704.9,9106.7,1028.1,344.3,1069.7,2442,11.2,40,3
4010,11056.6,6935.5,21961.5,3230,3475.5,2106,2712.9,6499.2,3938,14288.1,3695,1237.3,3844.3,8776.7,10.8,40,3
4011,8868.3,6050.1,17615,2590.8,2787.7,1689.2,2176,5212.9,3158.6,10509.1,2685.1,899.3,2793.6,6377.7,11.1,40,3
4012,8938.5,5111.1,17754.5,2611.3,2809.7,1702.6,2193.2,5254.1,3183.6,10976.4,1443.4,483.4,1501.7,3428.4,12,40,3
4013,7847.1,4795.9,15586.5,2292.4,2466.6,1494.7,1925.4,4612.6,2794.9,9214.7,1169.6,391.8,1216.9,2778.2,12.4,40,3
4014,14579,8689,28957.9,4259,4582.7,2776.9,3577.1,8569.6,5192.5,17498.8,4525.5,1515.8,4708.4,10749.2,12.6,40,3
4015,9399.9,7540.4,18670.9,2746,2954.7,1790.4,2306.4,5525.3,3347.9,11102,6621.7,2217.9,6889.3,15728.3,11.7,40,3
4016,18930.1,11182.7,37600.6,5530.2,5950.5,3605.7,4644.7,11127.3,6742.3,22598.1,4494.6,1505,4676.1,10675.9,10.2,40,3
4017,8166.9,4618.3,17584.9,2173.6,2513.6,1766.8,2636.5,6268.9,2225.5,10420.6,1605.2,537.7,1670.2,3812.6,11.7,40,3
4018,2903.1,1358.9,6251.9,772.8,893.7,628.2,937.3,2228.7,791.2,3704.2,470,157.4,489.1,1116.4,11.7,40,3
4019,7959.1,4998.5,17137.2,2118.3,2449.6,1721.9,2569.4,6109.3,2168.8,10155.5,1593,533.6,1657.6,3783.8,14.5,40,3
4020,2656.6,1144.1,5264.2,650.7,752.5,528.9,789.3,1876.6,666.2,3394.5,469,157.1,488,1113.9,12.5,40,3
4021,7102.9,2814.3,14071,1522.2,1864.9,1446.6,2168.3,5189.8,1879.3,9075.6,1204.9,403.6,1253.7,2861.9,12.6,40,3
4022,3410.8,1791.1,7094.7,1278.6,1351.2,784.4,803.1,2002.6,874.9,3175.9,1409.2,471.9,1466,3347.3,12.4,40,3
