taz1318,pop18,pop30,pop40,pop50,emp18,emp30,emp40,emp50
11010,0,0,0,0,322,322,322,322
11020,0,0,0,0,959,959,959,959
11030,0,436,960,3360,0,65,144,624
11041,1190,7691,14192,15096,300,2121,3941,4077
11042,1190,2986,4782,4829,451,720,1456,1464
11050,0,880,1936,2200,2221,2553,3345,3751
11060,3569,3605,3636,3793,128,134,139,162
11070,11723,13043,14363,14794,1127,1325,1655,1720
11080,6204,6204,8404,8644,2662,2662,3102,3138
11090,4872,5302,5689,6358,809,874,932,1032
11100,3860,3923,3976,4576,1211,1220,1228,1318
11110,3696,3756,3807,4475,2230,2239,2247,2347
11120,4933,5505,6033,6457,528,613,693,756
11130,4563,4637,4700,4841,1223,1234,1243,1265
11140,4840,4984,5107,5543,707,729,747,813
11150,1525,1550,1571,1618,360,363,367,374
11160,1017,1033,1047,1079,540,542,544,549
11170,3264,3543,3794,4661,791,833,871,1001
11180,246,292,336,483,3877,4024,4472,4750
11190,4677,4732,4779,4945,2585,2593,2600,2625
11200,3935,3999,4053,4175,1451,1460,1468,1487
11210,1312,1312,1312,1312,11990,12422,13789,14580
11220,0,0,0,0,1126,1166,1295,1369
11230,0,0,0,0,1617,1617,1617,1617
11240,0,0,0,0,577,577,577,577
11250,541,1072,1894,1951,867,947,1070,1078
12010,5941,6101,6238,6425,1822,1846,1867,1895
12020,5536,5685,5813,6265,911,934,953,1020
12030,3291,3380,3456,3508,803,817,828,836
12040,2992,3073,3142,3973,2566,2670,2973,3267
12050,5058,5908,6724,7557,887,1015,1137,1262
12060,2663,2735,2796,2880,575,586,595,608
12070,0,0,0,0,0,0,0,0
12080,232,239,244,340,278,279,280,295
12090,3639,4239,4815,4959,504,594,680,702
12100,5252,5394,5515,5575,1391,1412,1430,1439
12110,4220,4334,4431,4511,1367,1384,1398,1410
12120,2653,2725,2786,3620,1163,1174,1183,1308
12131,1987,2041,2086,2646,2632,2640,2646,2730
12132,1987,2041,2086,2149,2632,2640,2646,2656
12140,2156,2214,2264,2332,1151,1160,1167,1177
12150,3569,3784,3973,4092,108,140,169,186
12160,4922,5617,6270,6458,827,931,1029,1058
12170,0,580,1275,2763,4004,4319,4612,5008
12181,252,357,477,1002,8446,10622,12440,14155
12182,0,0,0,0,8446,10606,12406,14043
13010,0,0,0,0,1127,1168,1296,1370
13020,2467,2494,2516,2955,1918,1922,1926,1991
13030,2102,2125,2144,2187,623,627,630,636
13040,4334,4381,4421,4509,1293,1300,1306,1319
13050,3864,3906,3941,4020,1942,1949,1954,1966
13060,1742,1761,1777,1812,635,638,641,646
13070,2119,2142,2161,2231,1307,1310,1313,1324
13080,1630,1770,1896,2010,1007,1028,1047,1064
13090,1690,1708,1724,1758,938,941,943,948
13100,3954,4167,4353,4473,1738,1770,1798,1816
13110,2165,2189,2208,2252,5839,5842,5845,5852
13120,3710,3750,3784,3860,1043,1049,1054,1066
13130,2749,2779,2804,2860,1019,1024,1027,1036
13140,193,285,396,801,2422,2494,2694,2862
13150,1737,1756,1772,1796,755,758,761,764
13160,1509,1525,1539,1570,743,746,748,752
13170,2224,2248,2268,2314,803,807,810,817
13180,1166,1178,1189,1279,1578,1580,1581,1595
13190,500,505,509,537,676,677,678,682
13200,2123,2146,2165,2201,911,915,918,923
13210,1845,1865,1882,1920,2290,2293,2295,2301
13220,2049,2071,2090,2132,1415,1418,1421,1427
13230,2169,2193,2212,2257,587,591,594,601
13240,2202,2226,2246,2291,1906,1910,1913,1920
13250,1973,1994,2012,2053,3753,3756,3758,3764
13260,2232,2256,2277,2322,2146,2227,2475,2623
13270,2525,2552,2576,2627,1055,1059,1063,1070
13280,2908,2940,2966,3025,1463,1467,1471,1480
13290,1220,1233,1244,1269,623,625,627,631
13300,1660,1678,1693,1727,791,794,796,801
14010,0,0,0,0,0,0,0,0
14020,5111,5249,5367,5528,767,788,806,830
14030,4688,6102,7601,7829,683,895,1266,1300
14040,3806,3909,3996,4050,1127,1142,1156,1164
14050,3069,3152,3222,3319,683,696,706,721
14060,3977,4084,4176,4301,1834,1850,1864,1883
14070,2654,2726,2787,2955,1343,1353,1363,1388
14080,3397,3489,3567,3674,791,805,817,833
14090,3219,3533,3817,4415,2422,2469,2511,2601
14100,2992,3122,3235,3924,1031,1051,1067,1171
14110,1649,1693,1731,2151,2362,2368,2374,2437
14120,707,1585,3108,3432,2662,2793,3142,3190
14130,2876,2954,3020,3132,2266,2278,2287,2304
14140,3967,4074,4165,4521,2542,2558,2571,2625
14150,3031,3113,3183,3363,2290,2302,2313,2340
14160,0,0,0,0,1944,2061,2430,2644
14170,83,85,87,90,6640,6744,6831,6913
14180,1116,1146,1172,1207,4220,4630,5917,6665
14190,2125,2182,2231,2298,995,1004,1011,1021
14200,0,221,486,501,665,2993,4944,6748
14210,2446,3105,3788,3901,665,764,867,884
15010,1230,1335,1430,1630,4376,4392,4406,4436
15020,2264,2289,2309,2355,1523,1526,1529,1536
15030,2506,2727,2926,3346,1846,1879,1909,1972
15040,2811,2842,2867,2925,1055,1060,1063,1072
15050,3637,3676,3710,3784,899,905,910,921
15060,4326,4373,4413,4501,1343,1350,1356,1369
15070,3333,3369,3400,3468,1750,1756,1760,1771
15080,1689,2239,2832,2888,1858,1941,2030,2038
15090,1843,2167,2481,2531,420,468,515,523
15100,1512,1615,1707,1741,743,1239,2773,3658
15110,0,118,260,265,6469,6967,8508,9389
15120,0,0,0,0,340,340,340,340
15130,538,544,549,560,1355,1356,1356,1358
15140,3717,3917,4092,4174,3824,3854,3881,3893
15150,1236,1249,1261,1286,2554,2556,2557,2561
15160,332,335,338,345,1501,1501,1502,1503
15170,938,948,957,976,1575,1577,1578,1581
15180,2042,2064,2083,2124,1067,1070,1073,1079
15190,625,632,638,650,1050,1140,1214,1286
15200,774,783,790,805,1137,1233,1314,1391
15210,365,369,373,380,7073,7668,8163,8630
15220,731,739,745,760,2057,2230,2375,2512
15230,1048,1059,1069,1090,516,517,519,522
15240,2159,2182,2202,2246,1978,2275,2523,2760
15250,183,185,186,190,2913,3147,3341,3525
15260,548,664,778,794,8229,9753,11026,12212
15270,1054,1128,1194,1218,11210,12294,13197,14044
16010,2770,2800,2826,2882,8838,9576,10190,10774
16020,146,360,766,781,465,563,679,732
16030,920,1877,3400,3400,5868,7087,8335,9180
16040,614,789,974,974,3857,6447,8611,10625
16050,1227,1471,1711,1745,11078,12286,13299,14225
16060,307,310,313,319,2769,3019,3227,3424
16070,0,337,741,1482,6892,9202,11146,13033
16080,119,558,2031,2071,3796,5481,7051,8329
16090,119,120,121,123,15183,15643,16027,16389
16100,1737,1769,1797,1833,5515,5891,6205,6502
16110,0,38,84,86,8188,8905,9504,10062
16120,97,133,175,178,7313,7919,8425,8896
16130,97,426,1466,2836,8848,9873,10842,11813
17010,2043,2927,3949,4229,2206,2339,2492,2534
17020,2202,3144,4230,5080,2829,2971,3235,3362
17030,944,1331,1773,2603,2769,2994,3586,4015
17040,0,455,1000,1966,4436,4770,5695,6328
17050,1399,1806,2235,2302,3501,3772,4501,4896
17060,1002,1130,1249,1538,1702,1722,1740,1783
17070,499,645,799,823,144,166,189,192
17080,1997,2029,2057,2118,288,293,297,306
17090,1262,1283,1300,1339,48,51,54,59
17100,1415,1438,1457,1501,338,342,344,351
17110,943,1082,1213,1250,225,246,266,271
17120,2642,2788,2915,3002,1235,1257,1276,1289
17130,3701,3984,4237,4665,563,606,644,708
17140,1574,2005,2454,3158,516,580,648,753
17150,3272,3584,3866,4341,240,287,329,400
17160,2641,2850,3037,3128,180,211,239,253
17170,3666,4182,4667,4953,180,257,330,373
17180,280,1084,3349,3690,252,372,866,917
17190,2519,3070,3619,3728,839,952,1130,1202
17200,3617,5156,6929,7297,659,890,1322,1377
17210,3836,4200,4529,4826,336,390,440,484
17220,2733,2777,2815,2899,192,198,204,217
17230,0,0,0,0,527,527,527,527
17240,0,0,0,0,176,296,676,896
17250,0,0,0,0,1756,2116,3256,3916
17260,4143,4029,3936,4262,1054,1037,1023,1072
17270,3294,4072,4858,5171,204,320,438,485
18010,1148,1638,2202,2321,2338,2411,2496,2514
18020,766,766,766,766,1559,1633,1870,2007
18030,5451,5452,5454,5466,1642,1643,1643,1645
18040,2096,2130,2159,2159,1199,1204,1208,1208
18050,1937,1968,1995,1995,2108,2112,2116,2116
18060,1291,1498,1695,1879,1405,1436,1466,1493
18070,558,697,838,911,5203,5848,6388,6889
18080,587,953,1428,1641,1031,2077,2973,3783
18090,530,616,698,753,5191,6052,6772,7446
18100,3094,3417,3712,3882,1151,1199,1244,1269
18110,0,204,448,560,386,1159,1815,2415
18120,1356,1319,1288,1288,165,344,493,637
18130,2313,2249,2197,2197,324,314,306,306
18140,0,0,0,0,3992,4232,4990,5430
18150,970,1145,1315,1471,2410,2581,3064,3352
18160,0,473,1040,1300,336,407,492,531
18170,3835,4165,4462,4638,492,541,586,612
18180,4964,4910,4865,4865,1403,1395,1388,1388
19010,4432,4456,4476,4611,1843,2087,2290,2499
19020,3299,3562,3797,3853,3459,3856,4190,4479
19030,724,1006,1323,3720,5188,6044,6770,7889
19051,0,172,378,389,4169,4948,5606,6200
19052,943,1426,2013,2073,5558,6384,7100,7701
19053,0,189,416,428,4169,4574,4922,5219
19060,2247,2308,2359,2379,512,521,529,532
19070,963,989,1011,1041,219,223,227,231
19080,1794,1842,1884,2384,456,463,469,544
19090,0,611,1344,1680,302,394,504,554
19100,1355,1497,1626,2355,50,72,91,200
19110,3162,3436,3682,3792,151,192,229,246
19120,609,1079,1737,1789,122,193,291,299
19130,1421,1570,1705,1756,285,308,328,336
19140,0,0,0,0,0,0,0,0
19150,286,0,0,0,1055,1012,1012,1012
19160,0,136,300,310,1055,1075,1100,1102
19170,1242,1262,1279,2579,204,207,209,404
19180,3145,3400,3629,3665,623,662,696,701
19190,3073,3394,3688,5262,1307,1355,1399,1635
19200,5177,6570,8013,8713,1019,1228,1586,1691
19210,414,518,624,1360,8428,9660,10690,11756
19221,1863,2057,2235,2691,803,832,859,928
19222,1863,2390,2943,2972,803,882,965,970
19230,1609,1652,1689,1850,1175,1181,1187,1211
19240,720,739,756,828,300,303,305,316
19250,3556,3652,3734,4089,312,326,338,392
19260,1722,1768,1808,1980,156,163,169,195
19270,1712,1758,1798,1969,360,367,373,398
19280,3282,4278,5335,9645,863,1013,1274,2567
19290,0,0,0,0,0,0,0,0
19300,5121,5335,5521,5576,252,284,312,320
19310,3933,5069,6262,8591,360,530,825,1291
19320,5115,5868,6580,6743,468,581,687,712
19330,3599,4426,5259,5971,276,400,525,632
19340,3053,3545,4015,5457,156,230,300,516
19350,2615,2806,2975,3215,587,616,641,677
19360,3382,3574,3742,3982,168,197,222,258
19370,4752,5132,5472,5952,324,381,432,504
21010,0,0,0,0,3987,4130,4584,4848
21020,4812,5119,5389,5659,1849,1895,1935,1976
21030,3583,3811,4013,4214,2715,2750,2780,2810
21040,4781,5160,5498,5773,832,889,940,981
21050,2749,2967,3161,3319,497,530,559,582
21060,3870,4177,4451,4673,867,913,954,987
21070,3608,3894,4149,4357,913,956,994,1025
21080,1802,1945,2072,2176,139,160,179,195
21090,3012,3251,3464,3637,1075,1149,1304,1400
21100,0,0,0,0,13111,15413,17331,19139
21110,1330,1435,1529,1606,348,496,620,734
21120,1088,1174,1251,1314,4355,5294,6078,6815
21130,2424,2616,2788,2927,254,283,309,330
21140,3516,3795,4043,4246,543,585,622,653
21150,5583,6025,6420,6741,2034,2100,2159,2207
21160,3763,4061,4327,4544,3166,3507,4484,5059
21170,2723,2939,3131,3288,1560,1667,1933,2094
21180,4523,4881,5201,5462,1317,1371,1419,1458
21190,2154,2325,2477,2601,786,811,834,853
21200,2176,2348,2502,2627,624,650,673,692
21210,2176,5382,5382,5543,624,1265,1265,1289
21220,0,0,0,0,14422,16502,18236,19870
21230,709,754,794,834,4370,4919,5377,5809
22010,2677,2957,3212,3373,312,354,392,416
22020,3444,3804,4133,4339,2600,2654,2703,2734
22030,3189,3442,3667,3851,578,616,650,677
22040,2369,2557,2724,2861,358,386,412,432
22050,5897,6273,6605,6935,1063,1119,1169,1219
22060,5024,5422,5778,6066,451,510,564,607
22070,3023,3262,3476,3650,578,614,646,672
22080,4818,5322,5782,6071,855,931,1000,1043
22090,3066,3387,3679,3863,508,557,600,628
22100,5249,5798,6299,6614,612,695,770,817
22110,5983,6457,6880,7224,1306,1424,1636,1774
22120,5728,6182,6587,6917,300,368,429,479
22130,5039,5308,5543,5709,474,514,549,574
22140,3549,3830,4081,4285,624,666,704,734
22150,6294,6396,6483,6807,566,582,595,643
22160,4386,4733,5044,5296,589,641,688,726
22170,4247,4583,4884,5128,324,374,419,456
22180,3174,3425,3650,3833,439,477,511,538
23011,2148,2318,2470,2594,485,511,534,552
23012,2148,2318,2470,2594,485,511,534,552
23013,2148,2318,2470,2594,647,673,695,714
23020,6196,6844,7435,8470,1063,1160,1249,1404
23030,0,0,0,0,81,81,81,81
23040,716,773,823,865,728,736,744,750
24001,0,0,14368,20526,146,146,4169,6016
24002,0,0,10093,14418,0,0,2826,4124
24003,0,0,5288,7050,0,0,1481,1745
24010,373,539,733,755,4853,5173,6135,6679
24021,3209,6449,6449,6642,384,1032,1032,1061
24022,802,866,923,969,276,285,294,301
24030,110,6454,6454,6648,0,1776,1776,1805
24040,0,838,1843,1898,7532,8020,9315,9986
25010,0,286,630,638,3940,4619,5201,5731
25020,0,143,315,319,3940,4598,5154,5683
25030,0,716,1575,1594,3898,6234,8219,10071
25040,0,1716,2145,2171,1671,4156,6184,8037
25050,0,9240,11550,11689,0,2587,3234,3255
25060,2527,5182,9429,9542,385,916,2318,2335
25070,3177,3438,3672,3716,481,521,556,562
25080,4307,4640,4937,4996,738,788,833,842
25090,6484,7882,9274,9385,578,787,1136,1152
25100,9181,10462,11665,11805,1432,1624,1928,1949
25110,4981,6729,8645,8749,1091,1353,2117,2133
25120,3734,4509,5277,5340,931,1047,1162,1172
25130,353,617,983,995,5569,6245,6830,7360
26010,3485,3816,4115,4164,690,740,785,792
26020,7724,8062,8354,8454,1846,1896,1940,1955
26030,7943,8281,8573,8676,3306,3357,3400,3416
26040,9188,10157,11043,11176,2086,2332,2782,2985
26050,11051,12311,13469,13631,2038,2325,2929,3133
26060,9659,9998,10289,10413,1565,1616,1659,1678
26070,2020,2186,2335,2363,1324,1349,1371,1375
26080,8936,9274,9566,9681,1562,1613,1657,1674
26090,6967,7304,7597,7688,1139,1190,1234,1248
26100,5404,5901,6349,6425,610,684,752,763
26110,6964,7301,7594,7685,747,797,841,855
26120,2985,3153,3300,3339,424,449,471,477
26130,9208,9712,10153,10275,2520,2595,2661,2680
27010,6872,7209,7502,7592,1781,1832,1876,1889
27020,7079,7416,7709,7802,594,644,688,702
27030,5306,5641,5936,6007,465,516,560,571
27040,3763,4095,4393,4446,947,997,1041,1049
27060,6398,6734,7028,7112,1139,1190,1234,1247
27070,9671,10176,10616,10743,1637,1713,1779,1798
27080,7919,8257,8549,8652,931,981,1025,1041
27090,2312,2637,2942,2977,2824,3572,5831,7118
27100,0,143,315,319,2065,2235,2732,3005
27110,3815,4147,4445,4498,1032,1082,1127,1135
27120,2926,3094,3241,3280,530,555,577,583
27130,4948,5443,5893,5964,1685,1921,2501,2808
27140,2111,2277,2426,2455,433,458,481,485
27150,9404,10072,10664,10792,1828,1929,2017,2037
28010,3276,3329,3374,3408,788,796,803,808
28020,7319,7438,7539,7614,1662,1680,1695,1707
28030,4277,5532,6854,8143,300,489,816,1009
28040,475,654,853,895,451,1395,2190,2917
28050,4670,6547,8677,10610,1182,1464,2304,2594
28060,3526,6799,6799,7387,702,1356,1356,1445
28070,4505,5932,7460,9824,1348,1562,1939,2412
28080,0,0,0,0,3443,3691,4476,4931
28090,3316,3370,3415,3450,813,821,828,833
28100,3336,3390,3436,3470,1736,1828,2098,2256
28110,4867,4946,5013,5063,813,864,997,1076
28120,4558,4632,4695,4742,566,578,587,594
28130,5521,5611,5687,5743,2229,2322,2588,2743
28140,3384,3439,3486,3520,788,796,803,808
28150,0,458,1007,1119,1428,1908,3294,4065
28160,3765,5548,7665,10005,357,625,1449,1917
28170,3415,3471,3517,3869,960,969,976,1029
29010,4498,4820,5106,5106,893,941,984,984
29021,2191,3070,4066,4639,1722,1854,2003,2089
29022,3973,4763,5541,5803,430,549,666,705
29030,2191,4405,7884,9781,4974,6326,8235,9181
30010,386,386,386,386,156,156,156,156
30020,0,0,0,0,0,0,0,0
30030,0,0,0,0,0,0,0,0
30040,0,0,0,0,0,0,0,0
30050,0,0,0,0,0,0,0,0
31010,0,818,1800,5400,7879,9821,11484,14122
31020,0,545,1200,3600,3093,3538,3940,4731
31030,0,0,0,0,5854,7673,9189,10747
31040,0,0,0,0,2797,3161,3464,3775
31050,0,0,0,0,3907,4635,5241,5865
31060,0,0,0,0,2797,4979,6798,8668
31070,0,0,0,420,202,202,202,265
31080,4267,4383,4481,4733,202,219,234,272
31090,3887,3991,4081,4249,713,728,742,767
31100,4479,4600,4704,4798,242,260,276,290
31110,4372,4490,4591,4683,269,287,302,316
31120,2281,2340,2391,2439,753,762,769,777
31130,2974,3053,3121,3184,282,294,304,314
31140,1636,1680,1718,1752,108,114,120,125
31150,1849,1899,1942,1981,296,303,310,316
31160,2941,4125,5468,5632,1466,1643,1971,1996
31170,2161,2219,2269,2315,121,130,137,144
31180,4556,4680,4785,4881,887,906,922,936
31190,2436,2501,2556,2607,807,816,825,832
31200,2411,2476,2532,2582,430,440,448,456
31210,3581,3676,3756,3831,498,512,524,535
31220,3159,3245,3318,3384,444,457,468,477
32010,2591,2663,2724,2779,255,266,275,284
32020,1957,2010,2056,2097,1022,1030,1037,1043
32030,3082,3167,3239,3304,887,900,911,921
32040,3495,3587,3666,3739,1049,1063,1074,1085
32050,2402,2466,2520,2571,269,278,287,294
32060,3777,3879,3965,4045,1573,1664,1916,2066
32070,3507,3602,3684,3757,780,832,962,1042
32080,3413,3505,3584,3656,1385,1465,1688,1820
32090,0,0,0,0,140,140,140,140
32100,0,0,0,0,2866,3142,4013,4518
32110,4177,4292,4390,4477,530,547,562,575
32120,4533,4533,4533,4624,202,202,202,215
32130,5488,5636,5763,5878,578,600,619,637
32140,4299,4227,4168,4251,376,366,357,369
32150,3951,4055,4144,4227,524,540,553,566
33010,2596,2666,2726,2781,1493,1503,1512,1520
33020,2070,2125,2171,2215,834,842,849,855
33030,4642,4766,4872,4969,484,503,518,533
33040,2634,2707,2769,2824,376,387,397,405
33050,2368,2432,2487,2537,350,359,367,375
33060,2539,2608,2667,2720,1210,1220,1229,1237
33070,3993,4101,4193,4277,390,406,420,433
33080,4278,4393,4491,4581,2259,2357,2630,2792
33090,3022,3105,3176,3239,282,295,305,315
33100,4261,4376,4474,4564,861,878,893,906
33110,4537,4659,4764,4859,565,583,599,613
33120,3971,4079,4171,4255,820,836,850,863
33130,1324,2905,5592,5648,40,277,1235,1244
33140,5017,5152,5268,5373,422,443,460,476
33150,0,6600,6600,6666,13,1861,1861,1871
34010,3332,3422,3498,3568,237,250,262,272
34020,6029,6194,6335,6462,928,953,974,993
34030,5182,5324,5446,5555,766,788,806,822
34040,4327,4258,4201,4285,538,527,519,532
34050,149,3649,3649,3685,0,700,700,705
34060,12204,12107,12027,12267,1171,1157,1145,1181
34070,642,632,624,636,815,843,935,990
34080,4301,5111,5902,5961,724,845,964,973
34090,5987,5888,5806,5922,1842,1827,1815,1832
34100,11177,11088,11014,11234,336,323,312,345
34110,0,682,1500,1515,22,124,247,249
34120,0,6000,13200,13332,16,1696,3712,3732
34130,0,0,0,3870,11,11,11,1172
34140,0,2045,4500,4545,11,420,1271,1278
34150,0,4091,9000,9090,16,1162,2536,2550
34160,0,0,0,7740,22,22,22,2344
34170,0,0,0,0,11,11,11,11
35010,4101,3872,3691,3802,760,726,699,715
35020,3080,2908,2772,2855,445,440,487,539
35030,4839,4695,4578,4634,2868,2984,3403,3663
35040,3372,3184,3035,3126,889,904,1016,1108
35050,3197,3018,2877,2964,717,690,669,682
36010,3908,3690,3517,3623,789,756,730,746
36020,4202,3967,3782,3895,832,797,769,786
36030,2788,2632,2509,2584,559,536,517,529
36040,2904,2742,2614,2692,918,893,874,886
36050,4249,4012,3824,3939,416,380,352,369
36060,340,321,306,315,359,356,353,355
36070,0,0,0,0,0,0,0,0
36080,2601,2456,2341,2411,215,193,176,187
36090,4093,3864,3684,3794,258,224,197,213
36100,2167,2046,1950,2009,272,254,240,249
36110,2665,2516,2399,2470,143,121,103,114
36120,2072,1956,1865,1921,229,212,198,207
36130,2474,3204,3974,5168,29,138,254,433
36140,0,2955,6500,6565,29,620,1849,1858
36150,1868,1764,1681,1732,158,142,130,137
36160,1173,3043,6737,9262,6840,9303,12400,14693
36170,0,767,1687,2109,0,115,253,316
37010,3560,3361,3204,3300,272,243,219,233
37020,2477,2339,2229,2296,574,553,536,546
37030,3201,3022,2881,2967,373,346,325,338
37040,3717,3509,3345,3446,416,385,360,375
37050,3617,3415,3255,3353,588,558,534,548
37060,2306,2177,2075,2138,229,210,195,204
37070,3084,3376,3640,3856,272,316,356,388
37080,5123,5537,5907,6231,559,621,677,725
38010,3678,4028,4345,4603,502,554,602,641
38020,4416,4169,3974,4094,746,709,679,697
38030,3912,3694,3521,3626,918,885,859,875
38040,4724,4744,4760,4888,473,476,479,498
38050,2106,2414,2704,2906,488,534,577,608
38060,2507,2560,2604,2691,430,438,445,458
39010,2827,4361,6260,7188,516,746,1203,1342
39020,3057,3352,3620,3837,2352,2396,2436,2469
39030,2876,2715,2588,2666,215,191,172,184
39040,3152,2976,2837,2922,373,346,326,338
39050,3771,5352,7165,8013,315,553,994,1121
39060,5060,5360,5624,5765,344,389,429,450
39070,3508,4259,5005,5467,301,414,526,595
40010,3396,3451,3498,5498,897,905,912,1312
40020,4636,4711,4775,5275,797,808,818,893
40030,4404,4476,4536,5036,754,765,774,849
40040,0,0,5280,6600,0,0,1478,1676
40050,0,0,5280,6600,0,0,1478,1676
40060,4770,4848,4913,5159,1494,1506,1516,1553
40070,5438,5526,5601,5881,982,995,1006,1048
40080,3697,3757,3808,3998,697,706,714,743
40090,3401,3603,3781,3970,996,1027,1053,1082
40100,1838,1868,1893,1988,1523,1600,1836,1984
40110,4179,4247,4304,4520,2348,2471,2837,3076
40120,5341,5428,5501,5776,1210,1223,1234,1275
40130,3988,4053,4108,4313,1736,1829,2101,2285
40140,3079,3129,3171,3330,1608,1616,1622,1646
40150,3303,3357,3402,3572,1722,1730,1737,1762
40160,3172,3224,3267,3431,213,221,228,252
40170,3019,3068,3110,3265,441,449,455,478
40180,1877,1877,6631,9631,632,632,1963,2563
40190,1252,1252,5364,8364,421,421,1573,2173
40200,0,614,1350,4500,0,92,203,833
40210,3536,3593,3642,3824,470,478,486,513
40220,0,0,0,0,677,845,1378,1687
40230,0,0,0,0,106,109,121,128
40250,0,0,0,0,2007,2079,2308,2441
40260,5630,5782,5912,6207,598,621,640,684
40270,3497,3591,3672,3855,470,484,496,523
40280,3851,3955,4044,4246,498,514,527,557
40290,2780,2855,2919,3065,583,595,604,626
41010,0,818,1800,1890,199,977,1670,2265
41021,0,0,0,0,12406,12897,13307,13743
41022,0,0,0,0,4860,5352,5761,6197
41031,0,0,0,0,6284,7757,8985,10293
41032,0,0,0,0,2693,4166,5394,6702
41040,0,1724,8622,10778,0,1077,3915,5073
41050,0,2299,11496,14370,0,460,3219,3794
41060,549,2273,9171,11327,1796,3037,6011,7314
41070,0,0,0,0,800,819,880,915
41080,3681,3780,3865,4058,3512,3696,4242,4580
41090,2744,2818,2881,3025,797,808,818,839
41100,3683,3782,3867,4061,1324,1338,1351,1380
41110,4371,4489,4590,4819,1836,1854,1869,1903
41120,0,630,1386,2772,0,95,208,416
42010,1890,2449,3040,3290,871,955,1044,1081
42020,0,0,2973,5973,97,97,691,1291
42030,521,521,2611,4219,1197,1197,1615,1857
42040,0,6480,6480,6804,0,1814,1814,1863
42050,0,368,810,1620,0,55,122,243
42060,0,0,3504,6407,0,0,981,1562
43010,0,0,0,975,20,20,20,166
43020,0,0,0,0,0,0,0,0
43030,0,0,0,0,1894,2804,3562,4557
43040,3943,4040,4123,4303,390,405,417,444
43050,2628,2837,3023,3417,390,421,449,508
43060,5028,5125,5208,5388,1247,1262,1274,1301
43071,0,0,4280,14445,0,0,1198,4248
43072,0,0,4280,14445,0,0,1198,4248
43080,5148,5270,5373,5598,1977,1996,2011,2045
43090,3906,4011,4101,4297,1433,1449,1462,1492
43100,4303,4419,4518,4733,1287,1305,1319,1352
43110,3996,4104,4196,4396,942,958,972,1002
43120,3768,3889,3993,4218,1712,1812,2088,2272
43130,2842,2962,3067,3292,987,1005,1021,1055
43140,1894,2014,2119,2344,658,676,692,726
43150,3244,3365,3469,3694,1009,1027,1042,1076
43160,2566,3498,4528,5628,557,697,852,1017
43170,0,1997,4393,4881,0,300,1230,1303
43180,0,1598,3515,3906,0,240,984,1043
43190,0,0,0,0,854,854,854,854
43200,0,382,840,1344,0,57,126,202
43210,0,477,1050,1781,0,72,158,267
43220,3450,5502,8119,8430,664,1074,1971,2017
43231,0,891,1960,3920,166,300,460,754
43232,0,891,1960,3920,166,300,460,754
43240,0,0,0,0,1433,2334,3084,3883
43250,0,0,0,192,0,900,1651,2479
44010,493,557,616,647,287,296,305,310
44021,0,984,2165,2706,348,495,781,862
44022,0,1745,3840,3955,521,1263,3597,4494
44060,451,1575,4464,5467,275,443,1398,1549
44070,3276,3276,15876,20076,1953,1953,5481,6741
45010,5785,6053,6285,6914,1382,1422,1457,1551
45020,4419,4633,4819,5301,1880,1912,1940,2012
45030,5117,5117,5117,5629,353,353,353,430
45040,3412,3412,3412,3753,476,476,476,527
45050,4513,4727,4913,5404,2844,2978,3331,3592
45060,4037,4286,4505,4973,1141,1178,1211,1281
45070,4391,6149,6149,6242,546,810,810,824
45080,2123,2230,2323,2556,174,190,204,238
45090,4955,4955,4955,5450,405,405,405,479
45100,1232,1436,1632,1795,627,680,781,846
46001,0,0,6720,8400,0,0,1882,2134
46002,0,1435,3156,3945,0,215,631,750
46010,2576,2995,4671,5719,566,629,985,1143
46020,2323,2507,2671,2939,154,182,207,247
46030,3465,4032,4574,5128,481,566,647,730
46040,1175,1673,2245,2779,98,172,258,338
46051,4702,5531,6334,6742,183,307,428,489
46052,2116,2283,2433,2676,183,208,230,267
46060,0,0,0,0,0,0,0,0
46070,0,0,0,0,6056,6875,7557,8244
46080,0,0,0,0,1736,2555,3237,3924
46090,3299,3560,3794,4173,996,1035,1070,1127
46100,7253,7449,7616,8377,790,819,844,958
46110,3330,3420,3497,3846,515,528,540,592
46120,0,0,0,0,0,546,1000,1459
46130,1770,1910,2036,2239,223,244,263,293
46140,0,0,0,0,0,546,1000,1459
46150,1322,1427,1520,1672,405,421,435,458
46160,1322,2425,4022,4922,3519,3895,4938,5460
46170,1762,1902,2027,2229,608,629,647,678
47010,0,0,0,0,0,0,0,0
47020,0,0,0,0,0,2274,4168,6263
47031,0,0,0,0,5516,6880,8017,9274
47032,0,596,1312,1378,11200,11971,12647,13285
47040,6202,8911,8911,10072,2104,2722,2962,3275
47050,4848,5464,6036,6828,1753,1846,1932,2050
47060,2917,3080,3223,3427,818,843,864,895
47070,3438,3759,4050,4458,1740,1872,2180,2395
47080,2437,2599,2743,2947,1299,1386,1604,1749
47090,2336,2498,2642,2846,727,752,773,804
47100,2435,2805,3155,3635,740,796,848,920
47110,3411,4133,4851,5811,403,511,619,763
47120,1495,2160,2935,3895,593,693,809,953
47130,1223,1277,1323,1643,485,493,500,548
47140,6558,7486,8358,9558,2026,2360,3107,3643
47151,1416,6416,6416,6737,0,1400,1400,1448
47152,1416,6416,6416,6737,0,1400,1400,1448
47160,59,59,59,59,22,22,22,22
47170,0,0,0,0,0,0,0,0
47180,3886,4099,4286,4500,939,971,999,1031
47190,6449,6665,6849,7192,2351,2383,2411,2462
47200,0,1166,2565,4275,0,607,2313,3362
47220,6666,6666,6666,8538,1208,1208,1208,1489
47230,0,0,0,0,0,0,0,0
47240,3640,4741,5908,7420,662,827,1116,1343
47250,0,639,1406,4030,0,96,211,736
47260,3707,4191,4643,5267,558,631,699,792
47270,3868,4362,4822,5458,3026,3246,3775,4136
47280,3248,3614,3950,4418,662,717,768,838
47290,2375,2782,3175,4475,688,750,808,1003
47300,0,0,0,0,4819,5046,5235,5445
48010,2748,3019,3266,3783,246,287,324,402
48020,0,118,260,519,5098,5989,6737,7395
48030,0,588,1295,2589,8701,10099,11297,12419
48040,5292,5557,5787,6282,825,865,900,974
48050,1972,2228,2467,2962,458,497,533,607
48060,2859,3119,3354,3849,665,704,739,813
48070,0,385,848,1695,0,58,127,254
48080,99,99,99,99,23,1842,3358,4431
48090,3288,3800,4287,5188,468,545,618,753
48100,4476,4476,7554,7716,370,370,985,1009
48110,1688,1793,1886,2084,961,977,991,1020
48120,0,32,10773,11340,0,5,3016,3101
48130,4255,4702,5110,5965,989,1056,1117,1245
48140,6383,7404,8378,10373,2043,2197,2343,2642
48150,5107,5348,5557,6007,347,383,414,482
48160,4085,4167,4235,4385,443,455,466,488
48170,0,0,0,0,3775,4137,5285,5950
48180,3575,3656,3725,3875,295,308,318,340
48190,2752,2876,2983,3214,591,610,626,661
48200,788,1422,2327,2408,203,298,434,446
48210,1838,1978,2102,2366,474,495,514,554
48220,2557,2698,2821,3085,3745,3901,4347,4633
48230,3494,3494,3494,3599,1306,1306,1306,1322
48240,108,108,108,108,1306,1463,1959,2246
48250,2105,2193,2270,2435,616,629,641,665
48260,3355,3426,3487,3619,1417,1427,1437,1456
48270,3271,3360,3436,3601,345,358,370,394
48280,3531,3620,3696,3861,998,1011,1023,1047
48290,2311,2382,2443,2575,924,935,944,964
48300,2729,2800,2861,2993,567,577,587,606
48310,4986,5146,5283,5580,973,997,1018,1062
48320,4601,4726,4832,5063,1860,1879,1895,1930
48330,3154,3225,3286,3418,1515,1526,1535,1555
48340,3300,3477,3632,3963,727,753,777,826
48350,3235,3342,3433,3631,579,595,609,638
48360,3349,3491,3613,3877,554,576,594,634
48370,3463,3736,3981,4498,333,374,410,488
49010,573,2189,6693,13833,457,700,2171,4313
49020,3244,3332,3407,3407,2592,2605,2616,2616
49030,0,2561,5635,7044,0,512,1578,1789
49040,2750,5156,8704,9365,466,2402,4801,6632
49050,4126,4341,4529,4798,699,732,760,800
49060,7484,7819,8109,8735,1443,1857,2204,2731
49070,3207,3412,3593,3978,528,558,585,643
49080,6049,6343,6598,6964,1790,1834,1872,1927
49090,0,1014,2230,3186,468,637,984,1159
49100,595,1235,2271,3946,468,564,719,971
49110,7218,7505,7753,8109,3820,4047,4665,5054
49120,2707,3162,3599,4492,592,660,726,860
49130,2707,3279,3847,4987,592,678,763,934
49140,6326,6705,7039,7217,2332,2389,2439,2465
49150,5010,8037,11917,13644,1148,1753,3082,3341
49160,0,0,0,0,0,0,0,0
49170,4803,5354,5861,6126,2045,2127,2203,2243
49180,0,0,3200,4200,0,728,1974,2920
49190,0,0,0,0,0,2001,3668,5858
49200,0,0,0,0,0,0,0,0
49210,3416,3416,10244,18211,556,556,2468,4858
49220,0,0,0,0,0,0,0,0
49230,2107,2164,2212,2212,951,959,966,966
49240,0,0,0,0,4789,6608,8123,9686
50000,0,582,1280,4800,0,87,192,1248
50010,363,453,545,695,595,608,622,645
50020,1730,2158,2595,3095,470,534,599,674
50030,0,291,640,2550,0,44,96,383
50040,1321,1587,1849,2404,678,718,758,841
50050,608,608,3911,7214,240,240,901,1561
50060,1200,1624,2089,2716,526,589,659,753
50070,328,409,492,642,804,816,828,851
50080,3591,5705,8391,12641,1273,1696,2617,3892
50090,208,334,497,646,1002,1057,1195,1284
50100,1098,1360,1626,2114,584,624,664,737
50110,549,1348,2849,5099,647,767,1107,1557
50120,522,779,1086,1412,1193,1232,1278,1327
50130,519,624,727,945,282,297,313,346
50141,3603,3603,9903,14103,1529,1529,3293,4553
50142,5169,5709,6203,6720,1019,1100,1174,1252
50150,6362,8084,9870,12831,1072,1330,2054,2646
50160,1189,1429,1665,1998,1012,1048,1084,1134
50170,1017,1222,1424,1709,376,406,437,479
50180,5581,7068,8605,10326,699,922,1304,1562
50190,1156,1389,1618,1942,720,755,789,838
50200,331,398,463,556,981,991,1001,1015
51010,0,0,0,0,0,0,0,0
51020,9983,12478,15028,17965,1021,1520,2434,3021
52011,0,0,0,0,9947,13494,16450,20161
52012,0,0,0,0,2316,4226,5818,7816
52021,9490,9759,9990,9990,1263,1303,1338,1338
52022,10370,10898,11360,11360,158,237,306,306
52030,0,0,0,0,0,0,0,0
52040,0,0,0,0,1401,1502,1821,2006
52050,10735,11299,11791,12847,1135,1219,1293,1452
52060,4649,5198,5705,6761,1499,1581,1657,1815
52070,14098,14327,14521,14944,2636,2670,2699,2763
52081,3590,3648,3698,3805,947,956,963,979
52082,4906,4986,5053,5200,947,959,969,991
52090,0,262,576,1926,727,792,922,1173
52100,0,785,1728,5778,0,118,259,1474
52110,0,0,0,0,0,0,0,0
52120,0,262,576,1926,40,80,127,329
52130,0,0,0,0,0,0,0,0
52141,0,0,0,0,11178,13906,16180,18337
52142,0,0,0,0,7452,10180,12454,14611
52150,0,0,0,0,3399,8174,12153,15927
52160,0,0,0,0,5482,6164,6732,7271
52170,0,0,0,0,4001,4683,5251,5791
52180,2286,2323,2355,2423,3114,3119,3124,3134
52191,0,0,0,0,8984,9666,10235,10774
52192,0,87,192,384,8984,10361,11514,12621
52200,798,3028,3028,3528,0,590,1046,1385
52210,2308,2346,2377,2447,442,448,453,463
52220,2631,2674,2710,2789,2253,2259,2265,2277
52230,0,204,448,896,5769,6354,8144,9227
52240,2982,3714,4460,5938,1205,1315,1426,1648
52250,4023,5434,6980,9937,1123,1335,1715,2306
52260,2992,3375,3731,4470,276,334,387,498
52270,2829,3879,5046,7264,611,769,1055,1498
52280,4015,4560,5071,6127,1237,1318,1395,1553
53010,4827,4957,5068,5309,528,547,564,600
53020,8868,9107,9312,9755,1106,1142,1173,1239
53030,3593,3690,3773,3952,131,145,158,185
53040,4942,5022,5090,5239,655,667,677,699
53060,3119,4815,6915,6915,917,1171,1980,1980
53070,2981,3029,3070,3160,218,226,232,245
53080,3667,5403,7463,7463,698,959,1761,1761
53090,3200,4903,6996,6996,451,706,1514,1514
53100,6513,6755,6963,7413,2444,2598,3001,3283
53110,3269,3449,3607,3945,524,551,574,625
53120,3106,3227,3331,3557,404,423,438,472
53130,3244,3365,3469,3695,698,717,732,766
53140,2689,2810,2914,3140,800,818,834,868
53150,3674,3913,4124,4574,509,545,577,644
54010,4928,5479,5984,7040,8360,9045,11027,12289
54020,4607,5156,5663,6719,3303,3385,3461,3619
54030,3753,4296,4809,5865,1964,2046,2123,2281
54040,4400,4948,5456,6512,616,698,774,933
54050,2430,2469,2503,2576,276,282,287,298
54060,2902,2949,2989,3076,403,410,416,429
54070,3066,3116,3158,3250,509,517,523,537
54080,4214,4512,4777,5340,557,602,642,726
55010,4169,4467,4732,5295,595,639,679,764
55020,5802,6220,6590,7379,1630,1692,1748,1866
55030,0,0,0,0,0,0,0,0
55040,2499,2820,3119,3738,247,295,340,433
55050,5464,5764,6027,6590,643,688,727,812
55060,2840,3049,3234,3628,902,966,1096,1215
55070,3256,3829,4382,5509,597,682,765,934
55080,6551,6825,7063,7575,675,716,751,828
55090,13814,14351,14814,15814,1048,1128,1198,1348
55100,5441,5847,6209,6977,609,670,725,840
55110,1224,2800,5581,5617,26,263,1246,1252
55120,2565,2565,9315,9315,1094,1094,2984,2984
55130,0,0,15280,16280,0,3638,10948,13245
55140,2526,3056,3582,4638,480,560,639,797
55150,4931,5481,5987,7043,567,650,726,884
55160,3510,4051,4566,5622,698,780,857,1015
55170,3563,4471,5402,6641,468,605,744,930
55180,5344,5431,5504,5665,585,598,609,633
55190,0,2455,5400,5400,0,491,1512,1512
55200,0,0,0,0,812,841,934,987
56010,3338,6171,6171,11062,260,827,827,2294
56020,4964,5929,6874,8536,2639,2784,2926,3175
56030,4160,4352,4518,4518,2039,2068,2093,2093
56041,6406,6816,7177,7177,616,677,731,731
56042,4271,4271,8879,8968,504,504,1794,1807
56060,2883,2990,3083,3283,960,976,990,1020
57010,6052,6098,6136,6339,837,844,850,880
57020,3132,3223,3300,3436,634,647,659,679
57030,4924,5943,6952,7607,798,951,1203,1301
57040,5156,6727,8396,9360,361,596,1009,1153
58010,1180,1608,2080,2680,950,1014,1085,1175
58020,0,3930,8646,12351,117,1218,2538,3650
58030,1068,3572,9768,12168,762,1263,3198,3678
58040,1495,1495,9293,11152,741,741,2924,3203
58050,858,1031,1201,1441,428,454,479,515
58060,399,479,559,670,1023,1035,1047,1063
58070,812,1258,1812,2174,981,1048,1131,1185
59010,3969,4487,4969,5269,920,998,1070,1115
59020,3339,3339,3339,3439,495,495,495,510
59030,3594,4970,6512,8336,1304,1511,1888,2162
60010,3526,4254,4975,6424,772,881,989,1206
60020,0,0,0,0,2402,4221,5737,7414
60030,2518,3227,3967,5416,3291,3761,4175,4728
60040,0,0,0,0,0,1091,2001,3007
60050,7940,9409,10838,13736,1893,2477,3139,4054
60060,3337,4062,4786,6235,189,298,407,624
60070,1397,1397,1397,1439,163,163,163,169
60080,2095,2095,2095,2158,245,245,245,254
60090,5776,5776,5776,5949,2315,2398,2662,2841
61010,4184,6977,10684,13034,754,1312,2574,3044
61020,0,0,0,0,680,3226,5348,7686
61030,0,0,0,0,0,1819,3335,5005
61040,8600,8739,8858,10806,689,710,728,1020
61050,8600,10591,12600,15371,1766,2065,2886,3441
61060,1859,3477,5859,7148,732,975,1852,2046
62010,0,0,0,0,0,1091,2001,3003
62020,0,0,0,0,2210,2938,3544,4212
62031,6928,10684,10684,11710,640,1722,1820,2030
62032,4571,5063,5513,6455,640,744,909,1107
62040,5057,5551,5999,6941,838,912,979,1120
62050,4233,4723,5175,6117,698,772,839,981
62060,3553,4039,4495,5437,349,422,490,632
62070,4530,4701,4848,4993,291,316,339,360
62081,7840,10782,10782,11784,673,1262,1262,1412
62082,1128,13630,13630,16132,787,4288,4288,4788
62090,5137,5631,6079,7021,1248,1322,1389,1531
62100,0,0,0,780,0,0,0,117
62110,2858,3338,3800,4742,535,607,676,818
62120,0,0,0,0,12470,13562,14471,15473
62130,0,0,0,0,0,0,0,0
62140,3296,3350,3395,3497,209,217,224,239
62150,7206,7706,8148,9090,456,531,597,739
63010,5342,5769,7479,8975,3648,4203,6122,7247
63021,7997,12475,30389,42389,2671,3925,8941,12541
63022,14679,14918,15119,15573,2571,2607,2637,2705
63023,12857,13066,13243,13640,1138,1169,1196,1255
63024,7004,7118,7214,7431,777,794,809,841
63025,5329,5416,5489,8489,999,1012,1023,1623
63030,4146,4981,5804,6965,1023,1148,1271,1446
63040,975,1171,1365,1638,597,626,655,696
63050,0,0,0,0,2338,3247,4005,4792
64011,0,0,0,0,11591,13637,15342,17381
64012,0,82,180,180,2550,3017,3411,3864
64020,1877,2066,2237,2349,1262,1291,1316,1333
64030,4380,5491,6630,8655,2525,2692,2975,3380
64040,0,856,1883,3765,3532,4085,5581,6640
64050,7256,8794,10322,13388,2355,2939,4439,5699
64060,4074,4556,5001,5251,1556,1628,1695,1732
64070,4217,4881,5513,5789,378,477,572,614
64080,4117,4332,4521,4924,748,781,809,869
64090,3591,4156,4694,5796,358,443,524,689
64100,5348,7148,7148,7505,374,644,644,698
64110,6207,6369,6507,6807,6272,6296,6317,6362
64120,2352,2511,2652,2952,394,418,439,484
64130,4868,5194,5483,6098,689,738,781,874
64140,2836,3303,3751,4666,1201,1271,1338,1476
64150,6420,6662,6870,7320,1024,1060,1091,1159
64160,0,68,150,300,409,419,431,454
64170,1770,1802,1830,1922,319,324,328,342
64180,935,1397,1952,2049,488,557,640,655
64190,3738,4386,5010,5261,1118,1215,1308,1346
64200,9452,9711,9932,10230,1654,1693,1726,1771
64210,2289,2881,3489,3594,279,368,459,475
64220,0,2045,4500,8550,0,2455,5011,8265
64230,0,0,0,0,0,0,0,0
65010,0,0,0,0,3070,4380,5471,6669
65031,0,0,0,0,2763,4182,5364,6662
65032,3311,3365,3410,5030,307,315,322,565
65040,0,0,0,0,3070,3217,3684,3954
65050,8083,8214,8325,8742,553,573,590,652
65060,433,440,446,468,2870,3009,3447,3702
65070,3898,3961,4015,4216,319,328,336,367
65080,1580,1605,1627,1708,1578,1658,1901,2052
65090,851,864,876,920,944,946,948,954
65100,4065,4681,5265,5565,391,483,571,616
65110,2308,2428,2533,2660,195,213,229,248
65120,753,879,1000,1050,443,484,569,616
65130,3011,3187,3341,3508,1330,1357,1380,1405
65140,2139,2673,3219,3380,423,503,585,609
65150,4362,4614,4836,5077,374,412,445,482
65161,3078,3316,3528,3704,358,394,426,452
65162,3339,12219,12219,14439,239,2725,2725,3169
65170,2706,2935,3141,3298,195,230,261,284
65180,3029,3150,3254,3417,293,311,327,351
65190,3604,3843,4054,4257,363,399,430,461
65200,5111,5194,5264,5528,423,436,446,486
65210,4346,4417,4476,4700,651,662,670,704
65220,3035,4069,5195,6635,49,204,481,697
65230,3597,4063,4497,4722,195,265,330,364
65240,8900,9045,9167,9625,1455,1477,1495,1564
66001,0,2860,6293,7709,0,1773,3963,5370
66002,0,1931,4248,5204,0,2290,4857,6992
66010,7211,8577,9911,14867,3913,4118,4453,5940
66020,0,740,1627,1993,3985,5278,7290,8843
66031,0,4046,8902,10904,0,1133,2492,2893
66032,5225,5225,14246,22365,1448,1448,3974,6410
66041,10449,12298,14085,17358,2127,2609,3996,5025
66042,10449,11571,12597,14745,2127,2295,2557,2986
66051,5479,6337,7155,7512,2101,2230,2352,2406
66052,6620,7092,7511,7887,1260,1331,1394,1450
66053,4698,5873,7074,7427,2521,2697,2996,3049
66054,4193,5562,7039,7391,2521,2726,3090,3143
66060,0,0,0,0,6295,7204,7962,8598
66070,871,1046,1219,1463,689,715,741,778
66080,1156,1389,1618,1942,355,390,424,473
67010,5852,6010,6145,6452,1959,1982,2002,2048
67020,2360,2424,2478,2602,2823,2832,2840,2859
67031,9372,9625,9841,10333,486,524,556,630
67032,9551,9809,10029,10530,365,403,436,511
67033,63,65,66,69,10939,11070,11486,11727
67034,7535,7738,7912,8307,365,395,421,480
67041,8110,8329,8516,8941,104,137,165,228
67042,0,13440,13440,14112,344,4108,4108,4208
67043,3476,3570,3650,3832,155,169,181,208
67044,0,5280,5280,5544,266,1745,1745,1784
67045,2022,5542,5542,5819,148,1134,1134,1175
67051,12175,12503,12784,13423,1643,1693,1735,1831
67052,6732,6914,7069,7422,921,948,971,1024
67053,5033,5169,5285,5549,582,602,620,659
67054,5033,7993,11753,14633,925,1517,2806,3382
67061,5967,6128,6265,6579,739,763,784,831
67062,9117,9363,9573,10051,739,776,808,879
67063,0,0,9600,12000,0,0,2688,3168
67071,0,0,0,0,0,0,0,0
67072,0,0,0,0,499,1219,3499,4819
67073,0,0,11200,16000,0,0,3136,4576
67080,0,6423,14131,17664,0,1799,3957,5017
67091,0,12218,26880,44800,1198,7893,14727,23925
67092,0,0,0,0,799,2981,4800,7349
68010,901,1083,1261,1514,718,745,772,810
68020,887,1066,1242,1490,209,236,262,299
68030,2470,4379,7058,13058,1304,1591,2589,4389
68040,1921,2308,2689,3227,887,945,1002,1083
68050,1374,1760,2164,2596,495,553,614,679
68060,254,305,356,427,365,373,380,391
68070,3468,4167,4855,5826,1843,2288,3472,4243
68080,0,0,0,0,0,0,0,0
68090,0,0,0,0,0,0,0,0
69000,0,0,0,0,22256,23592,27820,30269
69010,956,1007,1052,1577,699,707,714,792
69020,1006,1060,1107,1660,789,797,804,887
69030,588,619,647,970,334,339,343,391
69040,1258,1325,1384,2076,449,459,468,571
69050,1316,1791,2316,3474,1466,1538,1616,1790
69060,3882,4089,4270,4658,1597,1628,1655,1713
69070,6422,6422,10922,12014,2761,2761,4021,4184
69080,0,3000,6600,16500,4188,6607,9370,13966
70010,823,1027,1235,1646,950,980,1011,1073
70020,1010,1260,1515,2020,271,309,347,423
70030,1350,1350,6825,8700,819,819,2352,2633
70040,3847,4711,5578,7502,1544,1674,1804,2093
70050,821,1005,1190,1601,136,163,191,253
70061,0,0,0,0,0,720,3000,4320
70062,0,0,0,0,60,63,72,77
70070,5729,7147,8594,11458,2118,2331,2691,3264
70080,1286,1575,1865,2508,626,669,713,809
70090,2303,2820,3339,4491,908,985,1063,1236
70100,1731,2120,2510,3375,566,625,683,813
70110,1967,2454,2951,3934,908,981,1055,1203
70120,4102,5024,5948,7999,1044,1182,1320,1731
71000,0,0,0,0,8228,8372,8828,9092
71010,0,0,0,0,12139,17959,22810,28219
71020,334,334,334,334,805,883,1128,1269
71030,0,0,0,0,2148,2354,3007,3385
71040,0,0,0,0,2255,2472,3157,3554
71050,3770,3831,3883,3996,465,474,482,499
71060,4040,4106,4161,4282,697,707,715,734
71070,3848,3911,3963,3963,2201,2210,2218,2218
71080,5370,5457,5531,5531,3171,3577,4830,5549
71090,4261,4330,4389,4389,506,516,525,525
71100,4261,4330,4389,4517,916,926,935,954
71110,7926,8055,8164,8402,1882,1901,1917,1953
71120,0,0,0,0,0,0,0,0
71130,0,1415,3114,8200,0,212,623,2149
71140,0,0,0,0,0,0,0,0
71150,0,1415,3114,8200,0,212,623,2149
71160,3771,3832,3884,3997,547,556,564,581
71170,6517,6623,6713,6908,588,604,617,646
71180,7884,8057,8203,8299,916,942,964,978
71190,1501,2098,2774,3155,178,267,369,426
71200,7204,7321,7420,7636,1422,1439,1454,1487
71210,9657,9814,9947,10236,805,828,848,892
71220,2504,3080,3659,4006,295,381,468,520
71230,0,525,1155,1502,3314,3711,4813,5449
71240,8720,8862,8982,8982,1121,1142,1160,1160
71250,5654,6072,6444,6680,711,774,829,865
71260,5119,5720,6274,6621,560,651,734,786
71270,3541,3599,3647,3753,1012,1309,2230,2775
71280,2617,2660,2696,2774,4757,4992,5720,6151
71290,4770,4848,4913,4913,1927,1939,1949,1949
71300,4116,4183,4239,4363,1668,1678,1686,1705
71310,3528,3585,3634,3634,574,583,590,590
71320,3547,3605,3653,3653,621,630,637,637
71331,5369,8399,12194,21067,326,932,2237,4899
71332,4335,5472,6645,7338,606,777,1068,1172
71340,742,1832,3892,7986,137,300,767,1995
71350,0,0,0,0,2748,4385,5749,7376
71361,7416,7537,7638,7638,179,197,212,212
71362,4929,5009,5077,9127,715,727,738,1953
71390,0,2273,5000,15000,1804,3350,5205,9290
71400,1236,2266,3756,4512,205,360,709,822
71410,3071,3121,3163,3163,109,117,123,123
71420,0,1575,3465,4505,0,236,693,849
72010,0,0,0,0,0,0,0,0
72020,0,0,0,0,0,0,0,0
72031,0,0,0,0,5534,5897,6201,6562
72032,0,0,0,0,7335,7881,8336,8879
72040,4837,5343,5804,5920,1015,1091,1160,1178
72050,2515,2778,3018,3521,646,686,722,797
72060,4868,5377,5842,5958,954,1030,1100,1117
72070,4240,4683,5088,5190,400,466,527,542
72080,5017,5542,6020,7024,1277,1355,1427,1578
72090,4445,4910,5334,5441,692,762,826,842
72100,0,0,0,0,1384,1744,2884,3544
72110,6730,7434,8076,8238,815,921,1017,1041
72121,0,6210,6210,6272,44,1783,1783,1792
72122,7026,7102,7167,9267,0,11,21,441
72123,7026,7215,7377,7525,0,28,53,75
72131,0,4536,15120,21600,0,1270,4234,6178
72132,0,3436,7560,10800,0,687,2117,2765
73012,4656,6045,7514,7889,148,357,720,776
73013,3451,4698,6076,8701,333,521,858,1383
73014,2892,4113,5517,8142,259,443,784,1309
73021,7340,8588,9788,10400,999,1186,1488,1580
73022,7340,10479,12572,13880,1428,2056,2893,3089
73030,0,0,0,0,0,0,0,0
73040,7017,8594,10175,13683,2933,3169,3564,4617
73051,5703,6528,7307,8750,1851,1975,2092,2308
73052,5552,6363,7129,8705,793,915,1030,1266
73053,6944,9116,11436,18198,1851,2285,3109,5137
73054,5552,8178,11293,15244,793,1318,2401,3586
73060,0,0,0,0,1494,1908,3218,3976
74010,0,3068,6750,11250,0,614,1890,3240
74020,90,956,6840,11340,35,165,1925,3275
74030,2916,3969,5132,6609,1122,1280,1566,1787
74040,5883,7554,9303,11583,1972,2222,2656,3112
74050,0,0,0,0,0,720,3000,4320
74061,7412,7587,7736,7952,1446,1473,1495,1527
74062,7412,11459,11459,12031,1446,2580,2580,2666
74070,4381,4498,4597,4741,1350,1497,1922,2182
75010,1261,1573,1892,2522,887,934,982,1076
75020,629,785,944,1258,146,169,193,240
76010,363,453,545,726,219,233,246,274
76020,572,1455,3168,4158,417,550,937,1085
76030,2703,3310,3919,4730,1689,1780,1871,1993
76040,1563,1914,2266,3048,849,902,955,1072
76050,1618,1982,2346,3155,428,482,537,658
76060,808,990,1172,1576,219,246,274,334
77010,1018,1247,1476,1985,240,274,309,385
77022,1116,2188,3834,5274,0,161,544,760
77030,2220,2719,3219,11762,1252,1327,1402,3965
77040,2451,3002,3554,4044,1492,1575,1658,1731
78010,4605,5640,6677,7598,2870,3025,3284,3422
78020,614,752,890,1013,230,250,271,289
79010,6759,6832,6894,7029,1704,1715,1725,1745
79020,1373,1681,1991,2265,689,735,781,823
79030,1388,1700,2013,2290,475,522,569,611
80010,0,0,0,0,786,880,1179,1352
80020,0,0,0,0,7210,8120,8877,9501
80030,300,300,300,300,0,0,0,0
80040,0,0,0,0,0,0,0,0
80050,7900,7900,7900,7900,982,982,982,982
80060,4583,4870,5123,5483,864,907,945,999
80070,4201,4201,4201,4201,570,570,570,570
80080,3332,3616,3872,4232,727,770,808,862
80090,5504,5792,6044,6404,707,751,788,842
80100,6043,6332,6583,6943,275,318,356,410
80110,0,2716,5976,7470,0,543,1673,1897
80120,0,2405,5292,5880,0,481,1482,1570
80130,8866,9337,9748,10336,1154,1224,1286,1374
80140,4407,4794,5142,5877,1002,1060,1112,1222
80150,0,3072,3072,3164,0,614,614,628
80160,6558,11496,11496,11841,1277,2660,2660,2711
80170,5056,5619,6136,7216,550,635,712,874
80180,0,1844,4057,6762,0,277,1136,1677
80190,5105,6592,8156,10190,373,596,983,1390
80200,4862,5752,6617,7787,707,841,971,1146
80210,5122,5410,5662,6022,393,436,474,528
80220,2879,2926,2965,3054,963,970,976,989
80230,0,0,0,0,0,0,0,0
80240,5303,6473,7643,9203,1238,1413,1706,1940
80250,2553,2594,2630,2708,688,694,699,711
80260,3333,3732,4102,4431,1375,1645,2366,2800
80270,4170,4503,4800,5070,7583,7997,9195,9902
80280,4197,4483,4737,5097,1749,1791,1830,1884
81010,4977,5311,5607,5877,923,974,1018,1058
81020,3680,4011,4310,4580,825,875,920,960
81030,4283,4353,4411,4544,314,325,334,353
81040,3443,3773,4073,4343,7210,7606,8747,9422
81050,4570,4835,5068,5281,1493,1533,1568,1600
81060,5378,6147,6871,7511,1866,1982,2090,2186
81070,1518,1772,2016,2229,177,215,251,283
81080,0,0,0,0,481,481,481,481
81090,3933,7035,11422,18912,852,1472,2949,5195
81101,4916,7066,9562,14207,124,554,1425,2818
81102,983,2538,5595,7571,289,522,1580,1877
81110,4202,4392,4558,4913,982,1011,1036,1089
81120,3660,3850,4016,4371,1179,1207,1232,1285
81130,3959,4149,4315,4670,393,421,446,500
81140,3630,3820,3986,4341,668,696,721,775
81150,3141,3192,3235,3332,452,460,466,481
81160,4578,4652,4715,4857,570,581,590,612
81170,0,0,0,0,0,0,0,0
81180,0,0,0,0,236,236,236,236
82010,5284,5820,6309,6748,2161,2242,2315,2381
82020,3679,4207,4704,5143,864,944,1018,1084
82030,2920,3189,3432,3652,1100,1141,1177,1210
82040,5922,6716,7459,8118,1749,1868,1979,2078
82050,5791,6329,6816,7255,236,316,389,455
82061,0,0,0,0,8515,9152,9682,10159
82062,0,0,0,0,14432,15069,15599,16075
82070,0,0,0,0,6915,7552,8083,8559
82080,11255,12270,13185,14012,1061,1213,1350,1474
82090,0,0,0,0,0,0,0,0
82100,0,0,0,0,0,0,0,0
82111,5909,7284,8671,9854,5579,5987,6969,7514
82112,0,0,0,0,0,0,0,0
82120,0,0,0,0,2390,4209,5725,7701
82130,0,4295,9450,10500,0,5659,10816,14305
82140,5697,5928,6128,6312,373,408,438,466
82151,5273,5504,5704,5888,935,970,1000,1027
82152,9646,9878,10077,10261,401,436,465,493
82160,7435,7667,7866,8050,1100,1135,1165,1192
82170,9539,9771,9970,10154,2534,2569,2599,2627
82180,0,0,0,0,0,0,0,0
82190,7213,7445,7644,7828,1120,1155,1184,1212
82201,4681,4911,5112,5296,255,290,320,348
82202,6320,6423,6510,6705,255,271,284,313
83010,4075,7563,12661,13615,397,1094,2801,2944
83020,6399,6665,6896,7020,641,681,715,734
83030,3340,3732,4094,4282,732,791,845,874
83040,4523,4786,5017,5141,2731,2902,3352,3610
83050,762,1565,2850,3372,24,144,441,520
83060,0,196,432,540,0,29,65,81
83070,7433,7553,7655,7885,528,546,561,596
83080,4385,4456,4516,4652,458,468,477,498
83090,6089,6188,6272,6460,1877,1892,1904,1932
83100,6905,7067,7205,7280,1648,1672,1693,1704
83110,0,0,0,0,2655,4110,5323,6675
83120,0,0,0,0,1167,1307,1751,2008
83130,0,982,2160,2700,2724,3198,4517,5198
83140,6295,6295,6295,8245,397,435,555,918
83150,0,0,0,1800,0,0,0,270
84000,0,0,0,0,20,21,24,25
84010,658,806,954,1086,1092,1245,1683,1943
84020,390,478,566,644,355,368,381,393
84030,1423,1743,2063,2348,1231,1279,1327,1370
84040,1232,1509,1786,2033,698,739,781,818
84050,989,1211,1434,1632,397,430,463,493
84060,1308,1602,1897,2158,397,441,485,524
85001,0,0,0,0,0,0,0,0
85002,0,0,0,0,0,0,0,0
86010,3072,5789,5789,6264,1128,1672,1672,1743
86020,4816,8277,8277,8882,799,1491,1491,1582
86031,4542,6738,6738,7397,48,487,487,586
86032,4692,5306,5880,6237,1434,1698,2327,2695
86033,4692,5619,6531,7083,48,187,324,407
86034,4542,4542,4542,4542,191,191,191,191
86035,13625,15663,15663,16614,191,599,599,741
86040,0,1926,4238,5509,0,4109,8189,11937
86050,699,1141,1718,2023,0,1594,2954,4423
86060,0,0,0,0,1589,3117,4390,5813
86070,0,310,683,887,4767,9397,13273,17572
86080,786,867,941,1194,1077,1089,1100,1138
86090,3965,4298,4598,5631,1128,1178,1223,1378
86100,3546,3984,4390,5769,1092,1158,1219,1426
86110,3436,3805,4142,4353,454,510,560,592
86120,4879,5042,5181,5675,752,777,798,872
86130,2314,3568,5120,5961,987,1175,1548,1675
86140,3930,4092,4232,4726,3557,3923,5026,5726
86150,5036,5206,5353,5870,501,527,549,627
86160,3558,3727,3875,4392,360,386,408,486
86170,4810,5036,5232,5922,345,379,408,511
86180,3048,3271,3470,4160,392,425,455,558
86190,3534,3703,3851,4368,345,370,392,470
86200,3130,3243,3341,3685,548,565,580,632
87010,2741,2854,2952,3296,3385,3402,3416,3468
87020,2164,2276,2375,2719,6253,6570,7535,8137
87030,2790,3013,3212,3902,4780,5042,5799,6323
87040,5702,5873,6019,6536,705,731,753,830
87050,3018,3131,3229,3573,157,174,188,240
87060,2460,2517,2565,2737,282,291,298,324
87070,2005,2117,2216,2560,1144,1161,1176,1227
87080,3499,3612,3710,4054,1003,1020,1035,1086
87090,2852,3075,3274,3963,885,919,949,1052
87100,1711,1930,2133,2822,531,564,595,698
87110,1141,1304,1457,1975,354,379,402,479
87120,3546,3770,3968,4658,345,378,408,511
87130,4381,4551,4698,5215,454,480,502,580
87140,2879,2936,2984,3156,454,463,470,496
87150,2761,2818,2866,3038,235,244,251,277
87160,5824,6378,6879,8602,2758,2841,2916,3175
87171,7043,8194,9295,9689,666,839,1116,1175
87172,3019,6436,12094,16329,666,1349,3207,4478
87180,1003,1113,1214,1558,251,267,282,334
87190,2482,2962,3432,4982,298,370,440,673
87200,1832,4811,10757,13435,63,659,2562,3097
88010,1730,3846,7484,9210,251,674,1862,2121
88020,4964,5025,5077,5260,595,605,612,640
88030,3736,3797,3849,4032,345,354,362,389
88040,3925,3986,4038,4221,251,260,268,295
88050,1799,2243,2697,2854,125,192,260,284
88060,4380,5083,5753,6165,0,105,206,268
88070,5074,5135,5187,5370,721,730,738,765
88080,1884,1884,4368,5114,1301,1301,1798,1909
88090,0,0,0,0,0,2445,4482,6758
88100,0,0,0,0,5451,5909,6291,6718
88111,0,0,0,0,11186,11644,12026,12453
88112,0,0,0,0,14161,14620,15002,15429
88120,3588,3752,3894,4394,643,667,688,763
88130,1723,1752,1777,1865,141,145,149,162
88140,3093,3093,3093,3093,47,47,47,47
88150,4262,4670,5040,6310,188,249,305,495
88160,3249,3249,3249,3249,470,470,470,470
88170,4090,4187,4270,4564,313,328,340,385
88180,7324,9324,9324,9604,1201,1601,1601,1643
88190,3973,4070,4153,4447,376,391,403,447
88200,6941,7325,7661,7997,1917,1974,2025,2075
88210,0,0,0,0,121,125,139,147
90010,3486,4909,6530,8489,449,662,1058,1351
90020,0,164,360,720,154,178,208,262
90031,6045,9436,13676,21306,742,1420,2878,5167
90032,8732,12122,15932,23132,1176,1854,3192,5352
90033,8284,16036,16036,16517,1176,3347,3347,3419
90040,0,2557,5625,11250,0,751,2575,5223
90050,5830,7248,8689,9150,1335,1547,1907,1976
90060,0,0,0,0,0,0,0,0
90071,4065,6264,8981,11537,407,846,1783,2294
90072,5985,6146,6284,6598,599,623,643,691
90073,2961,5307,8629,11489,296,765,1883,2455
90074,0,0,0,0,2735,5463,10922,14108
90080,0,0,0,0,0,0,0,0
90091,6850,8086,9286,10401,2488,3034,4475,5303
90092,6850,8255,9643,10125,1688,1899,2247,2319
90101,6431,8640,11051,13031,1122,1564,2416,2713
90102,6431,7299,8111,8831,2619,2749,2871,2979
91000,0,0,0,0,0,0,0,0
91010,6271,8106,10039,13051,3705,4473,6815,8322
91020,2192,5696,12622,15322,1200,2181,4120,4660
91030,1410,1914,2469,3209,230,305,388,499
91040,1263,2010,2959,3847,929,1074,1322,1517
91050,3456,4593,5821,7568,1576,1746,2049,2311
91060,3640,5281,7201,9362,2953,3199,3950,4382
91070,3827,5441,7294,9483,2943,3185,3636,4074
91080,734,1037,1384,1800,157,202,254,316
91090,2079,2823,3642,4735,556,668,791,955
91100,1712,2470,3352,4358,1137,1251,1384,1534
91110,2053,3086,4335,5636,689,844,1145,1340
91120,0,0,0,0,1798,3617,5133,7354
92010,2903,6799,13817,15886,3286,4377,6342,6756
92020,2732,3779,4952,5617,1837,1994,2281,2380
92030,3343,4302,5308,5898,595,739,890,978
92041,6059,6222,6362,6680,1781,1806,1827,1874
92042,3421,4711,6151,7629,594,787,1140,1361
92050,1870,2614,3456,3931,449,560,687,758
92060,4371,5472,6599,7267,939,1104,1385,1485
92070,0,0,0,0,0,0,0,0
92080,1221,1790,2463,2835,1294,1379,1480,1536
92090,4206,5273,6367,7016,1284,1444,1716,1813
93010,1375,1890,2463,2789,667,745,831,879
93020,748,1188,1746,2045,4738,5258,6782,7661
93030,3651,4453,5254,5735,6303,6650,7489,7977
93040,2277,3154,4139,4697,1607,1739,1886,1970
93050,1017,1336,1676,1874,689,770,925,1016
93060,3587,3852,4087,4587,2473,2513,2548,2623
94010,3520,5220,7248,9734,632,887,1676,2173
94020,1994,3102,4481,6139,225,439,922,1259
94030,9494,9494,9494,9494,214,214,214,214
94040,3285,3913,4527,5355,214,308,400,525
94050,1369,1439,1501,1589,115,126,135,148
94060,2053,2384,2701,3133,214,264,311,376
94070,2224,3349,4711,6369,2034,2203,2531,2780
94080,2224,3349,4711,6369,1095,1264,1592,1841
94110,6469,9571,13264,20059,413,1994,6316,10114
94120,4313,4313,4313,4313,86,86,86,86
94130,0,0,0,0,534,534,534,534
94140,8626,15346,24801,35585,344,2226,4874,8109
94150,6469,7678,8856,10447,2755,2937,3233,3471
94160,4313,6778,9880,13592,69,562,1628,2741
94170,12938,15650,18338,21938,2614,3156,4126,5206
94210,10482,14993,20202,26682,2559,4731,6948,9659
94220,6153,6720,7233,7953,1126,1211,1288,1396
94230,6153,7250,8313,9753,1249,1413,1681,1897
94240,6939,10287,10287,12519,698,1367,1367,1814
95010,1053,1495,2003,2273,939,1006,1082,1122
95020,6268,8614,11228,11858,1315,1784,2704,2798
95030,1955,2706,3549,4027,699,812,938,1010
95040,1822,2541,3352,3811,605,713,835,904
95060,2273,3069,3942,4443,710,829,960,1035
96010,1120,1565,2069,2354,511,640,909,1065
96020,1894,2470,3083,3439,637,1444,3815,5189
97010,6766,6932,7074,7286,2699,2724,2746,2777
97020,2622,2622,5731,8839,797,797,1418,2040
97030,3900,5536,7414,7636,606,851,1589,1623
97040,2130,2643,3163,4196,296,373,451,606
97050,1819,2119,2406,2993,458,502,546,634
97060,4052,4773,5470,6889,2810,2918,3022,3235
97070,0,0,0,0,5598,6001,7277,8016
97080,0,0,0,0,3427,3674,4456,4908
97090,0,0,0,0,0,1819,3335,4698
97100,0,0,0,0,5998,7362,8499,9522
97110,67,67,5467,9067,15044,16408,19057,21160
97120,5810,6418,6972,7181,706,797,881,912
97130,3316,3663,3979,4099,396,448,496,514
97140,4717,5210,5660,5830,794,868,935,961
97151,7010,7743,8412,8664,216,326,427,465
97152,0,0,0,0,3463,3463,3463,3463
97161,7375,8146,8850,9116,972,1088,1194,1234
97162,6115,6754,7338,7558,972,1068,1156,1189
97163,6115,6754,7338,7558,1002,1098,1185,1218
97170,0,0,2100,11550,538,538,958,3793
98010,9675,10687,11610,11958,1211,1363,1501,1553
98020,5189,5456,5688,6187,575,615,650,725
98030,4651,5137,5581,5749,538,611,678,703
98040,4486,4751,4985,5483,571,611,646,721
98050,3938,4083,4208,4478,481,503,522,562
98060,3160,3305,3430,3700,355,377,396,436
98070,3777,4587,5393,6471,552,673,794,956
98080,5089,5621,6107,6290,875,954,1027,1055
98090,5396,5710,5986,6577,658,705,746,835
98100,3888,4382,4841,5795,1642,1775,2031,2282
98110,5727,6326,6872,7079,727,816,898,929
98120,2631,2997,3340,3813,350,405,456,527
98130,3130,3457,3756,3869,969,1018,1063,1080
98140,2351,2597,2821,2906,449,486,520,533
99010,2332,2576,2798,2882,210,247,280,293
99020,2984,3734,4501,6019,5408,5925,7318,8285
99031,6298,6681,7018,7498,1176,1530,2519,3135
99032,4158,4593,4990,5139,970,1322,2289,2836
99033,5929,6549,7115,7328,1478,1882,2951,3553
99034,5034,5560,6041,6222,992,1359,2342,2896
99040,4250,4694,5100,5253,561,628,689,712
99050,3235,3573,3882,3998,659,710,756,774
99060,0,997,2192,3654,12,162,451,670
99070,0,2462,5416,9027,82,1774,6599,9882
99080,10640,11753,12768,13151,1518,1685,1944,2001
99090,10360,10785,11152,11680,2005,2069,2124,2203
99101,7016,7750,8419,8672,1324,1434,1535,1572
99102,9423,10408,11308,11647,883,1031,1165,1216
99110,7131,7877,8557,8814,869,981,1083,1122
99120,5272,5823,6326,6516,1130,1213,1288,1317
99130,3912,4320,4694,4835,478,539,595,616
99140,11749,13043,14230,15883,1363,1557,1859,2107
